,Distrito,Mean,Var,ACF1,Seasonality,Trend,Linearity,Curvature,Peak,Entropy,Lumpiness,Lshift,Vchange,Fspots,Cpoints_ts,Cpoints_JV,KlScore,ChangeIdx
0,"LAMBAYEQUE, LAMBAYEQUE, LAMBAYEQUE",0.05660471698113221,0.05339967960133486,0.6783333333333336,-0.0045283018867924435,0.0,0.007631142441594243,-0.6734655730494503,0,0.042522675202272556,0.006049382716049382,0.0,0.0,50.0,0,1.0,,
1,"CUSCO, LA CONVENCION, PICHARI",22.830188773584904,568.5183296190816,0.6910800518294257,0.5064803344791209,0.0,0.033095635678596705,1.560798708008733,0,0.4144337780909248,0.000912126238454172,0.20537634408602162,0.01863285415141121,16.0,5,9.0,,
2,"SAN MARTIN, SAN MARTIN, HUIMBAYOC",0.01886890566037728,0.018511888928462766,-0.00036982248520711305,-0.0014513788098693774,0.6689075630245426,0.0025437141471980926,-0.2334680653249906,0,0.04000533461369913,0.0,0.0,0.0,52.0,0,0.0,,
3,"LIMA, LIMA, RIMAC",0.01886890566037728,0.018511888928462766,-0.00036982248520711305,-0.0014513788098693774,0.6689075630245426,0.0025437141471980926,-0.2334680653249906,0,0.04000533461369913,0.0,0.0,0.0,52.0,0,0.0,,
4,"LORETO, MAYNAS, ALTO NANAY",0.2075480377358484,0.35315022712720534,0.6696066860923082,0.4272862142422397,0.0,0.009326951873059573,-0.7782268844153888,0,0.0464240140987946,0.0007376924249352234,0.0,0.0,46.0,0,3.0,,
5,"SAN MARTIN, MOYOBAMBA, CALZADA",0.037736830188679384,0.07404762976149944,-0.000369822485207089,-0.0014513788098693774,0.6689075630245426,0.0025437141471980926,-0.2334680653249906,0,0.04000533461369913,0.0,0.0,0.0,52.0,0,0.0,,
6,"PUNO, CARABAYA, SAN GABAN",0.33962349056603863,0.7903162620150798,0.8222192714982041,0.42547169811320745,0.0,0.011446713662391259,-0.9293824908125008,0,0.04652001563489282,0.0019140624999999997,0.05,0.011111111111111112,45.0,0,2.0,,
7,"CUSCO, QUISPICANCHI, CAMANTI",1.075472320754717,3.3905290986118413,0.7276838487776454,0.4171348648498729,0.0,0.02071310091289761,1.230197113438665,0,0.07425677060649256,0.0005573809266715002,0.27142857142857146,0.03265306122448979,33.0,3,5.0,,
8,"JUNIN, SATIPO, MAZAMARI",4.735849377358491,51.703806146671646,0.6831174631894452,0.41217885060983367,0.0,0.018242064312762353,1.147072219851093,0,0.2735744049411017,7.782868249340551e-05,0.1457142857142857,0.007482993197278907,34.0,5,3.0,,
9,"SAN MARTIN, MOYOBAMBA, HABANA",0.056604754716981245,0.16660722249912843,-0.019970414201183444,-0.020682148040638615,0.9602091082738451,0.0025437141471979867,-0.14367265558413497,0,0.0824946909208231,0.0,0.0,0.0,42.0,0,2.0,,
10,"LORETO, MARISCAL RAMON CASTILLA, SAN PABLO",0.5471706226415103,2.5119250644358977,0.6641946197428192,0.21351024686604203,0.0,0.008196412252082655,-0.682445114025685,0,0.05111035082512912,0.00021142516290613623,0.04444444444444444,0.0032921810699588477,43.0,1,1.0,,
11,"SAN MARTIN, LAMAS, LAMAS",0.9622647358490553,2.0740465781419277,0.517474644914898,-0.09342634514116939,0.6197094788706163,0.021621570251182883,-0.5836701633123701,0,0.34562931649749934,0.0018000781130925163,0.2666666666666665,0.048148148148148134,18.0,2,4.0,,
12,"LAMBAYEQUE, CHICLAYO, LA VICTORIA",0.03773681132075485,0.03631178212890786,0.508861236802413,-0.002959674435812059,0.22788296041178546,0.005087428294396174,-0.45795658967522057,0,0.040821994520255166,0.0019753086419753104,0.0,0.0,51.0,0,1.0,,
13,"AMAZONAS, UTCUBAMBA, CAJARURO",0.7547177169811304,2.637948337486847,0.7016063844612938,0.3685891070200902,0.43280132375095715,0.01453550941255999,-0.869732682910506,0,0.12001767345779983,0.0036994616440680556,0.14285714285714285,0.009977324263038545,34.0,2,4.0,,
14,"CAJAMARCA, JAEN, COLASAY",0.09434058490566051,0.23638287290854523,0.47205163840389336,-0.002841554898840647,0.24096908818472373,0.004239523578663481,-0.38312708155911096,0,0.040821994520255166,0.00039018442310623377,0.0,0.0,51.0,0,1.0,,
15,"AYACUCHO, LA MAR, SANTA ROSA",10.54717016981132,301.417578767533,0.8085464984765085,0.6028338010042575,0.0,0.01895914944378263,-1.2993994425494613,0,0.14327489289705211,7.161723298277701e-05,0.19733333333333336,0.01900246913580248,34.0,1,1.0,,
16,"LORETO, REQUENA, JENARO HERRERA",2.2641516415094323,26.156636212175417,0.6113289739701947,0.4072080946616464,0.0,0.011305396209769027,-0.8138124727179767,0,0.05730734525730629,0.0007423236719935068,0.06666666666666665,0.004511507392165827,42.0,2,4.0,,
17,"LAMBAYEQUE, CHICLAYO, JOSE LEONARDO ORTIZ",0.3396234339622643,0.6771087532931525,0.3632613391678687,0.1517072396484336,0.8309860106494165,0.011446713662390697,0.026938622920679032,1,0.3037321192931747,0.0017185088734567912,0.125,0.017361111111111112,24.0,0,2.0,,
18,"AREQUIPA, CARAVELI, BELLA UNION",0.01886890566037736,0.018511888928462797,-0.0003698224852071037,-0.001451378809869373,0.6689075630252714,0.0025437141471979785,0.2334680653242751,0,0.04000533461369913,0.0,0.0,0.0,52.0,0,1.0,,
19,"UCAYALI, ATALAYA, SEPAHUA",0.6603781886792441,8.035598761125097,0.38877639062388125,0.01442261074833071,0.9300618272106451,0.004685789218522449,-0.004253466776913698,1,0.10333314547532428,0.0020359708188735478,0.03684210526315789,0.0007694675284702985,26.0,2,2.0,,
20,"JUNIN, HUANCAYO, SAPALLANGA",0.018868905660377324,0.01851188892846278,-0.01997041420118344,-0.020682148040638608,0.9725482574714345,0.0025437141471978957,0.02693862292201063,1,0.0824946909208231,0.0019753086419753083,0.0,0.0,29.0,0,2.0,,
21,"LIMA, LIMA, LOS OLIVOS",0.07547262264150954,0.06977558134574424,-0.06397174254317115,-0.0673854447439353,0.8671947510629806,0.010174856588792018,-0.4130588848060169,0,0.1405630639882034,0.006296296296296297,0.0,0.0,32.0,0,6.0,,
22,"HUANUCO, PUERTO INCA, PUERTO INCA",3.716981622641508,28.4670664848703,0.8780006167305083,0.6119256023701228,0.0,0.022777803954454952,-1.471012075924785,0,0.08680144731529948,0.000279505865061838,0.26818181818181824,0.012511478420569336,34.0,3,3.0,,
23,"LORETO, MAYNAS, NAPO",0.2830196603773585,0.3538621359916206,0.8672224618947726,0.47184996773091387,0.0,0.019077856103984565,1.3828493099969492,0,0.058365414589983886,0.002500000000000001,0.35,0.06944444444444445,42.0,0,4.0,,
24,"CUSCO, LA CONVENCION, MEGANTONI",1.433963075471698,13.264504615165691,0.7202186003272949,0.445493168859316,0.0,0.01074012639928027,0.8775006985153028,0,0.04995093040539431,0.00045353223593964335,0.061111111111111116,0.008539094650205761,43.0,3,3.0,,
25,"LORETO, PUTUMAYO, TENIENTE MANUEL CLAVERO",0.15094432075471706,0.39231015165546296,0.14316617708361387,-0.05519980823887956,0.9691556309721843,0.00508742829439586,0.029183508166129846,0,0.13643415228248398,0.0018518518518518528,0.0,0.0,19.0,0,2.0,,
26,"SAN MARTIN, LAMAS, TABALOSOS",1.3018874339622628,5.418296656461608,0.43120887162649635,0.06903280192398285,0.6454298478961682,0.017551627615666157,-0.6501187665182132,0,0.2208682374770743,0.0010066666666666666,0.16999999999999998,0.023666666666666662,26.0,7,6.0,,
27,"ICA, CHINCHA, EL CARMEN",0.01886890566037728,0.018511888928462766,-0.00036982248520711305,-0.0014513788098693774,0.6689075630245426,0.0025437141471980926,-0.2334680653249906,0,0.04000533461369913,0.0,0.0,0.0,52.0,0,0.0,,
28,"UCAYALI, PADRE ABAD, NESHUYA",0.15094428301886725,0.2413667668210333,0.4957734707491193,0.28196137362943197,0.0,0.006783237725861523,-0.5776838026630812,0,0.04720640456979632,0.00015241579027587253,0.0,0.0,47.0,0,0.0,,
29,"MADRE DE DIOS, TAMBOPATA, LAS PIEDRAS",4.698113679245282,65.41829389462471,0.7175946281863018,0.48927230760384743,0.0,0.019793275707884545,-1.2829519166614751,0,0.13182539277942235,0.00076134940724314,0.221875,0.027224392361111113,39.0,1,10.0,,
30,"LORETO, REQUENA, CAPELO",0.03773681132075485,0.03631178212890786,0.508861236802413,-0.002959674435812059,0.22788296041178546,0.005087428294396174,-0.45795658967522057,0,0.040821994520255166,0.0019753086419753104,0.0,0.0,51.0,0,1.0,,
31,"AMAZONAS, CONDORCANQUI, RIO SANTIAGO",0.6981140188679247,4.965467005340132,0.35851149096472623,0.048586123120377044,0.4176013485768828,0.00784311862052701,0.5948945895279732,0,0.1087589896169379,0.0017297763298277703,0.0,0.0,44.0,3,3.0,,
32,"LORETO, PUTUMAYO, PUTUMAYO",0.5094347735849065,1.683872437878405,0.5023417753811935,0.003378674857393597,0.42442378320664864,0.009811468853478101,-0.6529409079670413,0,0.21877893132515702,0.0019433260832677746,0.08571428571428572,0.014739229024943309,31.0,2,4.0,,
33,"LA LIBERTAD, ASCOPE, CHICAMA",0.8490574905660364,8.807403264507057,0.2793117726217409,-0.0843908726224432,0.9263523302569462,0.007631142441593793,-0.15863855720709755,0,0.19748011722479605,0.003218194787379972,0.0,0.0,21.0,6,4.0,,
34,"ICA, NASCA, EL INGENIO",0.01886890566037728,0.018511888928462766,-0.00036982248520711305,-0.0014513788098693774,0.6689075630245426,0.0025437141471980926,-0.2334680653249906,0,0.04000533461369913,0.0,0.0,0.0,52.0,0,0.0,,
35,"LIMA, LIMA, PUENTE PIEDRA",0.16981220754716977,0.29191853114997574,0.2926827726712645,-0.041601472618499766,0.8177426107446605,0.007631142441593761,0.4399975077263037,0,0.1969982712098875,0.0029210486206370984,0.0,0.0,36.0,0,4.0,,
36,"TUMBES, TUMBES, TUMBES",34.094339622641506,568.5382698469207,0.6879580033284987,0.2492342714997064,0.5656463405834551,0.0450802673864522,-0.008879768296477316,0,0.9279867716373464,0.003235846465553089,0.3577777777777777,0.052750342935528105,6.0,8,8.0,,
37,"SAN MARTIN, MARISCAL CACERES, PAJARILLO",1.6037741509433947,12.805266963332425,0.7066802151288478,0.23630016628112513,0.0,0.010295985833896827,-0.7551366361956969,0,0.09097177820572676,0.0010670517752186404,0.07142857142857141,0.0015117157974300808,39.0,1,1.0,,
38,"LORETO, MARISCAL RAMON CASTILLA, PEBAS",0.5660385849056613,5.37771352794601,0.5207494794506433,0.07878164118218677,0.0,0.005450816029710168,-0.4765570674078656,0,0.05041281887392249,0.00039142962551611736,0.04285714285714285,0.0014172335600907027,51.0,1,1.0,,
39,"PIURA, PIURA, LA UNION",0.056604735849056606,0.09113552652193033,-0.02456430347559921,-0.026090801886792463,0.9219875508090875,0.0038155712207969417,-0.05387724584431637,0,0.0842323108193639,0.001975308641975309,0.0,0.0,32.0,0,2.0,,
40,"SAN MARTIN, BELLAVISTA, BAJO BIAVO",0.6415102452830169,3.739408001424155,0.5336977184015588,0.1972348359654543,0.3173804056997801,0.007207190083727792,-0.552990064981566,0,0.10373976976009308,0.0013041016518061273,0.024999999999999998,0.00162037037037037,44.0,2,2.0,,
41,"LA LIBERTAD, TRUJILLO, LA ESPERANZA",0.09434056603773598,0.19864702741194395,-0.019127364878400353,-0.012341921958477041,0.7349253467550978,0.004239523578663389,-0.10775449168893446,0,0.13208144839106278,2.4386526444139604e-05,0.0,0.0,43.0,0,0.0,,
42,"SAN MARTIN, HUALLAGA, EL ESLABON",0.18868013207547105,0.41722999644011566,0.6201592917168136,0.24782664691866835,0.0,0.006359285367995179,-0.5432622289287543,0,0.04633652939584593,0.0016222993827160483,0.0,0.0,47.0,0,1.0,,
43,"PIURA, MORROPON, MORROPON",0.01886890566037736,0.018511888928462797,-0.0003698224852071037,-0.001451378809869373,0.6689075630252714,0.0025437141471979785,0.2334680653242751,0,0.04000533461369913,0.0,0.0,0.0,52.0,0,1.0,,
44,"PIURA, PIURA, TAMBO GRANDE",0.20754799999999984,0.2776785446779617,0.3119328212389518,-0.08222060957910016,0.6327524137567837,0.009326951873059333,-0.1616317375330209,0,0.20754261087173,7.239750038103942e-05,0.0,0.0,16.0,0,0.0,,
45,"CALLAO, CALLAO, VENTANILLA",0.07547264150943407,0.10751142755434316,-0.05501782019681083,0.11851805572910162,0.894398349760835,0.0050874282943959934,-0.3053043931163448,0,0.1361522645296012,0.002345679012345679,0.0,0.0,39.0,0,2.0,,
46,"SAN MARTIN, LAMAS, ZAPATERO",0.2075480188679239,0.2776785368459806,0.8372287426660904,0.40752298016448957,0.0,0.013990427809589331,-1.1448914741875804,0,0.05057559761122276,0.002500000000000001,0.25,0.06944444444444445,45.0,0,1.0,,
47,"CUSCO, LA CONVENCION, SANTA TERESA",0.03773681132075484,0.03631178212890785,0.4888763197586725,-0.02256751757306695,0.7951347731119727,0.005087428294396103,-0.4040793438309777,0,0.0842323108193639,0.006049382716049382,0.0,0.0,48.0,0,2.0,,
48,"LIMA, LIMA, SAN JUAN DE LURIGANCHO",0.03773681132075483,0.036311782128907844,-0.02073906485671194,-0.02256751757306695,0.7579249381158606,0.005087428294396108,-0.40407934383094246,0,0.08415764785384988,0.0019753086419753083,0.0,0.0,45.0,0,2.0,,
49,"AMAZONAS, BONGARA, JAZAN",0.056604716981132126,0.05339967960133503,0.3182051282051281,-0.04452830188679246,0.9541673650888269,0.007631142441593768,0.33224301603795175,0,0.08596514133023365,0.006049382716049383,0.0,0.0,31.0,0,3.0,,
50,"LORETO, ALTO AMAZONAS, TENIENTE CESAR LOPEZ ROJAS",1.0566045471698093,8.12886984976878,0.6354828025684818,0.37230974663733835,0.0,0.008902999515193213,-0.7301489254478106,0,0.05378345282342261,0.00019413700810185186,0.05625,0.003862847222222222,45.0,3,1.0,,
51,"ICA, NASCA, MARCONA",0.01886890566037728,0.018511888928462766,-0.00036982248520711305,-0.0014513788098693774,0.6689075630245426,0.0025437141471980926,-0.2334680653249906,0,0.04000533461369913,0.0,0.0,0.0,52.0,0,0.0,,
52,"LORETO, REQUENA, SAQUENA",0.03773681132075485,0.03631178212890786,0.508861236802413,-0.002959674435812059,0.22788296041178546,0.005087428294396174,-0.45795658967522057,0,0.040821994520255166,0.0019753086419753104,0.0,0.0,51.0,0,1.0,,
53,"CAJAMARCA, JAEN, JAEN",4.754717150943396,27.505872361694678,0.6687951354223213,0.3388155581256324,0.0,0.02374133204051455,-1.0965017256044147,0,0.32968679922108546,6.631376173808915e-05,0.10370370370370376,0.014403292181069956,16.0,5,3.0,,
54,"MADRE DE DIOS, TAMBOPATA, TAMBOPATA",42.41509443396225,4681.488066044855,0.7478941557240861,0.5857461405213655,0.0,0.022336989855082607,-1.4428298375970334,0,0.1431008436406733,0.0014051904561670702,0.200390625,0.0203855726453993,32.0,5,3.0,,
55,"PASCO, OXAPAMPA, CONSTITUCION",4.811321301886791,110.53043261302994,0.8276460835238398,0.29665502715211506,0.0,0.014414380167455516,-1.0358399376911087,0,0.0969922659873097,0.001529262183384421,0.11777777777777779,0.017980795610425232,42.0,2,2.0,,
56,"PIURA, SULLANA, SULLANA",0.6981137924528306,1.1918824158065782,0.6950648658492039,0.22630801830436645,0.13895336860443008,0.018823484689265185,-0.4489770487011493,0,0.5710444837590454,0.0015590123456790126,0.09999999999999998,0.015555555555555559,14.0,0,3.0,,
57,"ICA, CHINCHA, ALTO LARAN",0.05660473584905674,0.09113552652193045,0.4094049252142201,-0.002653301886792452,0.30142805588367483,0.003815571220797134,-0.34571232750009506,0,0.040821994520255166,0.0001234567901234569,0.0,0.0,51.0,0,0.0,,
58,"JUNIN, CHANCHAMAYO, VITOC",0.09434052830188679,0.08543948736213598,0.8133814102564103,0.19213836477987423,0.0,0.012718570735989818,1.077544916881444,0,0.04612582339537549,0.006049382716049383,0.0,0.0,48.0,0,1.0,,
59,"AYACUCHO, HUAMANGA, AYACUCHO",0.05660471698113221,0.05339967960133486,0.6783333333333336,-0.0045283018867924435,0.0,0.007631142441594243,-0.6734655730494503,0,0.042522675202272556,0.006049382716049382,0.0,0.0,50.0,0,1.0,,
60,"LAMBAYEQUE, CHICLAYO, TUMAN",0.03773681132075478,0.03631178212890782,0.4888763197586726,-0.042175360710321845,0.9442962327313007,0.005087428294395791,0.04489770487002989,0,0.0842323108193639,0.006049382716049383,0.0,0.0,28.0,0,2.0,,
61,"ICA, PISCO, PISCO",0.7735855283018852,1.6468484492704405,0.8148299765138538,0.4498772320518154,0.0,0.02085845600702378,-1.3954206673631282,0,0.08666043822484179,0.001216,0.22,0.01999999999999999,33.0,0,5.0,,
62,"JUNIN, SATIPO, PAMPA HERMOSA",0.03773681132075485,0.03631178212890786,0.508861236802413,-0.002959674435812059,0.22788296041178546,0.005087428294396174,-0.45795658967522057,0,0.040821994520255166,0.0019753086419753104,0.0,0.0,51.0,0,1.0,,
63,"LORETO, ALTO AMAZONAS, JEBEROS",0.9245291698113186,6.560340153791485,0.8979218446273718,0.30669592212015345,0.0,0.011331090292064104,-0.9436681241782339,0,0.04546237407675729,0.003740181681579126,0.02727272727272727,0.007438016528925621,46.0,1,1.0,,
64,"HUANUCO, HUANUCO, AMARILIS",0.05660471698113221,0.05339967960133486,0.6783333333333336,-0.0045283018867924435,0.0,0.007631142441594243,-0.6734655730494503,0,0.042522675202272556,0.006049382716049382,0.0,0.0,50.0,0,1.0,,
65,"UCAYALI, ATALAYA, RAYMONDI",8.09433996226415,108.65147189604878,0.7579912286378343,0.5484895682451203,0.0,0.03117866768994121,-1.796421311429563,0,0.1570037488096648,0.0003986389210257044,0.27142857142857146,0.03584580498866213,29.0,5,5.0,,
66,"LORETO, MAYNAS, PUNCHANA",28.924528396226414,1719.1263740370252,0.6545247142203444,0.21264366612497634,0.0,0.025158153468738922,-0.2667792657122233,0,0.13665151996076627,0.0014880848193429754,0.20193548387096769,0.03226962654642156,26.0,4,7.0,,
67,"SAN MARTIN, LAMAS, ALONSO DE ALVARADO",0.11320845283018881,0.1381272424351154,0.6312944101671513,0.2507294300719704,0.0,0.007631142441594222,-0.655506491102244,0,0.04529075918016311,0.000771604938271605,0.0,0.0,48.0,0,0.0,,
68,"TUMBES, CONTRALMIRANTE VILLAR, CASITAS",0.01886890566037736,0.018511888928462797,-0.0003698224852071037,-0.001451378809869373,0.6689075630252714,0.0025437141471979785,0.2334680653242751,0,0.04000533461369913,0.0,0.0,0.0,52.0,0,1.0,,
69,"CAJAMARCA, JAEN, PUCARA",0.16981218867924536,0.25418268850136067,0.12201019056439547,-0.07158712541620421,0.8651126420455298,0.007631142441593811,0.2903384914933634,1,0.20233618812822268,0.0017512574302697777,0.0,0.0,16.0,0,2.0,,
70,"ICA, ICA, PARCONA",18.905660660377357,1237.6703346173035,0.7815216376944017,0.41513618795045154,0.0,0.019606165965326362,-1.3793265670008208,0,0.07421802552972022,0.00039542178987923176,0.20923076923076922,0.046106508875739666,41.0,7,3.0,,
71,"AYACUCHO, LA MAR, CHUNGUI",0.01886890566037736,0.018511888928462797,-0.0003698224852071037,-0.001451378809869373,0.6689075630252714,0.0025437141471979785,0.2334680653242751,0,0.04000533461369913,0.0,0.0,0.0,52.0,0,1.0,,
72,"SAN MARTIN, PICOTA, SHAMBOYACU",0.415095188679246,2.054111078675817,0.5027028904822564,0.14860861319119717,0.8174394864250402,0.0062179679153728865,-0.3791361744577606,0,0.0986306034416273,0.002475599360982686,0.04444444444444444,0.0032921810699588477,38.0,2,2.0,,
73,"PIURA, SULLANA, BELLAVISTA",0.09434056603773577,0.16091117835534002,0.4431586675937875,-0.015236266488562357,0.3646548915776482,0.006359285367994968,0.3636714094483507,0,0.08604472635853481,0.00012345679012345682,0.0,0.0,45.0,0,1.0,,
74,"LIMA, LIMA, SAN MARTIN DE PORRES",0.07547262264150945,0.06977558134574437,0.19083594976452126,-0.08779360800924144,0.9537954655307008,0.010174856588791711,0.07183632779199034,0,0.1859425625609069,0.006296296296296297,0.0,0.0,22.0,0,6.0,,
75,"PIURA, TALARA, PARIÑAS",0.056604754716981266,0.16660722249912838,-0.0003698224852070969,-0.0014513788098693716,0.6689075630245426,0.0025437141471980926,-0.2334680653249906,0,0.04000533461369913,0.0,0.0,0.0,52.0,0,0.0,,
76,"HUANUCO, LEONCIO PRADO, PUEBLO NUEVO",0.07547266037735849,0.182983122819545,0.30675679460315874,-0.0023493135599442156,0.4037401895428042,0.0033916188629306353,0.30829757344132763,0,0.040821994520255166,0.0,0.0,0.0,51.0,0,1.0,,
77,"SAN MARTIN, LAMAS, SAN ROQUE DE CUMBAZA",0.11320845283018881,0.1381272424351154,0.6312944101671513,0.2507294300719704,0.0,0.007631142441594222,-0.655506491102244,0,0.04529075918016311,0.000771604938271605,0.0,0.0,48.0,0,0.0,,
78,"TUMBES, ZARUMILLA, PAPAYAL",4.9056607547169815,61.55713406906395,0.8604730981556032,0.4615133141766842,0.0,0.020041384190044382,1.3240741327130592,0,0.2076393647782445,4.541253507809177e-05,0.13636363636363635,0.009845934088358328,30.0,3,1.0,,
79,"SAN MARTIN, RIOJA, AWAJUN",0.05660471698113219,0.05339967960133487,0.6579487179487182,-0.06452830188679247,0.7895872750226555,0.0076311424415941055,-0.5657110813627189,0,0.08693085845019256,0.010000000000000005,0.0,0.0,46.0,0,2.0,,
80,"PASCO, OXAPAMPA, PUERTO BERMUDEZ",1.7924533962264138,6.541827803489021,0.8991880832580018,0.6338086593670169,0.0,0.024165284398380928,-1.3586045493670538,0,0.08612915372993867,0.0014153518518518517,0.33999999999999997,0.02933333333333333,32.0,4,3.0,,
81,"PIURA, TALARA, LOS ORGANOS",0.09434052830188693,0.08543948736213608,0.36322115384615383,-0.07036163522012578,0.6340455210457345,0.012718570735990144,-0.5926497042861476,0,0.13885782859615758,0.009753086419753091,0.0,0.0,39.0,0,5.0,,
82,"LIMA, LIMA, SAN MIGUEL",0.018868905660377303,0.01851188892846277,-0.019970414201183433,-0.02068214804063862,0.9560013213918274,0.002543714147197949,-0.09877495071410972,0,0.0824946909208231,0.001975308641975309,0.0,0.0,37.0,0,2.0,,
83,"LORETO, LORETO, NAUTA",4.641509811320754,40.267707426130514,0.9386307655714601,0.61712952398491,0.0,0.031287684010535485,-1.8807648570058675,0,0.22245127022044875,0.00013234837962962964,0.33999999999999997,0.03933333333333332,33.0,5,3.0,,
84,"LORETO, DATEM DEL MARAÑON, BARRANCA",2.0377363018867913,9.470272273407144,0.8715271390271633,0.38631298824176935,0.0,0.02289342732478215,-1.4606719984371097,0,0.13666455445655956,0.0011027609882258804,0.25000000000000006,0.03240740740740744,27.0,3,3.0,,
85,"SAN MARTIN, MARISCAL CACERES, CAMPANILLA",1.6415099811320741,10.456388378070736,0.6752139096652354,0.43836833436542044,0.0,0.013831445675389284,-0.9703516465050803,0,0.08947140283049212,0.0006354937141324267,0.09375000000000001,0.009548611111111108,42.0,2,3.0,,
86,"LORETO, MAYNAS, SAN JUAN BAUTISTA",37.64150943396226,1807.0601637593452,0.8176906383083966,0.6251597221445769,0.0,0.028067573146923264,-1.2894314717953839,0,0.6729444732424258,0.0005615465009075917,0.21363636363636362,0.022787534435261696,10.0,3,8.0,,
87,"LAMBAYEQUE, CHICLAYO, SAÑA",2.2830196415094326,42.051972259879186,0.6395668134427289,0.24852713138671675,0.6939891981463054,0.008549705883637546,-0.3127873439269814,0,0.1047937828571658,0.001811712165602579,0.05,0.0034636488340192037,34.0,2,2.0,,
88,"HUANUCO, HUANUCO, SANTA MARIA DEL VALLE",0.01886890566037728,0.018511888928462766,-0.00036982248520711305,-0.0014513788098693774,0.6689075630245426,0.0025437141471980926,-0.2334680653249906,0,0.04000533461369913,0.0,0.0,0.0,52.0,0,0.0,,
89,"CAJAMARCA, CUTERVO, CUTERVO",0.01886890566037736,0.018511888928462797,-0.0003698224852071037,-0.001451378809869373,0.6689075630252714,0.0025437141471979785,0.2334680653242751,0,0.04000533461369913,0.0,0.0,0.0,52.0,0,1.0,,
90,"SAN MARTIN, PICOTA, CASPISAPA",0.45283107547169904,2.134566658597462,0.7355480047326717,0.148687175097864,0.0,0.008721305647536247,-0.7478674839760946,0,0.04445176257083381,0.002815493544356519,0.0,0.0,47.0,1,3.0,,
91,"LORETO, UCAYALI, SARAYACU",1.735849584905659,7.628335652545643,0.681245526929548,0.4422814797073834,0.0059873695855695575,0.01950180846185123,-0.9211512449177304,0,0.09363560503399268,0.002303160365226338,0.2583333333333333,0.020756172839506155,32.0,6,6.0,,
92,"JUNIN, SATIPO, RIO TAMBO",2.094340169811321,13.48166378141712,0.7975010376562598,0.48915007149583223,0.0,0.014860645807314289,1.0350102491090811,0,0.0937768291333353,1.911803532417247e-05,0.13157894736842107,0.006401969836872883,31.0,5,1.0,,
93,"PASCO, OXAPAMPA, VILLA RICA",0.09434058490566044,0.23638287290854496,0.44902684613044946,-0.0404921573084792,0.950424593937299,0.00423952357866317,-0.008979540973980672,1,0.0842323108193639,0.003225118122237465,0.0,0.0,26.0,0,2.0,,
94,"HUANUCO, LEONCIO PRADO, HERMILIO VALDIZAN",0.05660471698113221,0.05339967960133486,0.6783333333333336,-0.0045283018867924435,0.0,0.007631142441594243,-0.6734655730494503,0,0.042522675202272556,0.006049382716049382,0.0,0.0,50.0,0,1.0,,
95,"PIURA, MORROPON, SALITRAL",0.24528388679245286,0.6756848714846289,0.6115443813444567,0.2240491480605205,0.0,0.006613656782714708,0.5621192649739227,0,0.0483384589746704,1.9753086419753087e-05,0.1,0.011111111111111112,46.0,0,1.0,,
96,"PIURA, SULLANA, SALITRAL",0.05660473584905674,0.09113552652193013,-0.012620186584469043,-0.014372051886792456,0.7153996228777512,0.0038155712207970484,-0.17061127850675262,0,0.0842323108193639,0.0,0.0,0.0,39.0,0,0.0,,
97,"ICA, ICA, LA TINGUIÑA",11.679245603773584,469.68956174937676,0.7248832060426269,0.5063191254225503,0.0,0.019439000705130636,-1.3673291157197291,0,0.09566802557661731,0.000981082579702639,0.17160493827160495,0.017429592372436457,38.0,3,4.0,,
98,"JUNIN, SATIPO, COVIRIALI",0.5849063584905667,1.2239222876470615,0.717987706097712,0.4794856597187922,0.0,0.0157710277126278,-1.135013979115311,0,0.06776785880522068,0.0010002962962962962,0.24,0.01822222222222221,37.0,0,5.0,,
99,"SAN MARTIN, RIOJA, YURACYACU",0.09434054716981145,0.12317533285873843,0.2666739122862123,0.2864543570727452,0.0,0.00635928536799518,-0.5432622289308983,0,0.04440975370695738,0.0006250000000000003,0.0,0.0,48.0,0,0.0,,
100,"TUMBES, ZARUMILLA, AGUAS VERDES",2.528302396226414,17.494479446066464,0.7363965362166336,0.5415292456285713,0.0,0.0162313188440255,-1.1134630807768748,0,0.09502693380328095,2.5162888424595227e-05,0.21904761904761905,0.009196271101033007,36.0,5,3.0,,
101,"AYACUCHO, LA MAR, ANCHIHUAY",1.2830197169811322,13.372728330366808,0.7458301699740116,0.25521826397413827,0.0,0.010810785125591338,0.9046887531319913,0,0.04652001563489282,0.0016539189844955633,0.01875,0.0017795138888888886,45.0,1,1.0,,
102,"LAMBAYEQUE, CHICLAYO, PIMENTEL",0.01886890566037728,0.018511888928462766,-0.00036982248520711305,-0.0014513788098693774,0.6689075630245426,0.0025437141471980926,-0.2334680653249906,0,0.04000533461369913,0.0,0.0,0.0,52.0,0,0.0,,
103,"LORETO, DATEM DEL MARAÑON, PASTAZA",0.01886890566037728,0.018511888928462766,-0.00036982248520711305,-0.0014513788098693774,0.6689075630245426,0.0025437141471980926,-0.2334680653249906,0,0.04000533461369913,0.0,0.0,0.0,52.0,0,0.0,,
104,"TUMBES, TUMBES, SAN JUAN DE LA VIRGEN",1.8490571132075473,9.184761377002742,0.7525238132979433,0.3898515430744479,0.0,0.019175691263492153,1.2647338094929528,0,0.10697211955216783,0.0002855746051012323,0.1538461538461539,0.013477975016436558,33.0,5,3.0,,
105,"CUSCO, CALCA, YANATILE",0.037736830188679384,0.07404762976149944,-0.000369822485207089,-0.0014513788098693774,0.6689075630245426,0.0025437141471980926,-0.2334680653249906,0,0.04000533461369913,0.0,0.0,0.0,52.0,0,0.0,,
106,"PIURA, TALARA, MANCORA",0.13207635849056615,0.15236715628347525,0.276419808590048,-0.07406101216716626,0.7519079488705991,0.008902999515192907,-0.20652944240281168,1,0.14903557916048782,0.002650462962962963,0.0,0.0,27.0,0,2.0,,
107,"SAN MARTIN, RIOJA, NUEVA CAJAMARCA",0.6037743207547168,1.2958339280884819,0.6904109866590311,0.25102114866265807,0.34051840324464533,0.020349713177583537,0.9720353104352344,0,0.1900049084385788,0.0014178240740740742,0.225,0.04791666666666666,32.0,0,6.0,,
108,"PASCO, OXAPAMPA, POZUZO",0.03773681132075485,0.03631178212890786,0.508861236802413,-0.002959674435812059,0.22788296041178546,0.005087428294396174,-0.45795658967522057,0,0.040821994520255166,0.0019753086419753104,0.0,0.0,51.0,0,1.0,,
109,"HUANUCO, LEONCIO PRADO, JOSE CRESPO Y CASTILLO",1.9622648301886791,20.67781862299772,0.9019417397216063,0.3597152075133866,0.0,0.012024830514026679,0.9322396174832224,0,0.0652031938107621,0.0005025872296721285,0.1090909090909091,0.007713498622589529,44.0,1,2.0,,
110,"AMAZONAS, BAGUA, EL PARCO",0.01886890566037728,0.018511888928462766,-0.00036982248520711305,-0.0014513788098693774,0.6689075630245426,0.0025437141471980926,-0.2334680653249906,0,0.04000533461369913,0.0,0.0,0.0,52.0,0,0.0,,
111,"LORETO, PUTUMAYO, YAGUAS",0.01886890566037728,0.018511888928462766,-0.00036982248520711305,-0.0014513788098693774,0.6689075630245426,0.0025437141471980926,-0.2334680653249906,0,0.04000533461369913,0.0,0.0,0.0,52.0,0,0.0,,
112,"SAN MARTIN, MARISCAL CACERES, PACHIZA",0.5660385660377367,4.132430530438014,0.3196965399243105,0.15946549549432407,0.5270869633367785,0.005450816029710105,-0.426528196264554,0,0.10112077139979056,0.0013040123456790123,0.02142857142857143,0.0011904761904761904,45.0,2,2.0,,
113,"LORETO, REQUENA, TAPICHE",0.0754726415094341,0.10751142755434316,0.5085963639713256,-0.003998500562289136,0.0,0.005087428294396168,-0.45346681918720905,0,0.041672696400568074,0.00037808641975308637,0.0,0.0,50.0,0,0.0,,
114,"AMAZONAS, UTCUBAMBA, BAGUA GRANDE",6.50943416981132,74.21217244927037,0.6544666258918694,0.5258847230290193,0.0,0.023094246862718062,1.2117654240709292,0,0.5425213545761226,0.0006950226996473381,0.28157894736842093,0.02431517389966143,15.0,5,7.0,,
115,"JUNIN, CHANCHAMAYO, PICHANAQUI",6.830188811320754,37.04663400925608,0.7908232433335025,0.49517495764580277,0.0,0.04185566005843896,-1.1310140017683892,1,0.4093790074293007,0.0009200370429396226,0.3772727272727273,0.03976124885215797,16.0,5,10.0,,
116,"LAMBAYEQUE, LAMBAYEQUE, JAYANCA",0.037736830188679384,0.07404762976149944,-0.000369822485207089,-0.0014513788098693774,0.6689075630245426,0.0025437141471980926,-0.2334680653249906,0,0.04000533461369913,0.0,0.0,0.0,52.0,0,0.0,,
117,"SAN MARTIN, SAN MARTIN, SHAPAJA",0.18868011320754655,0.3040224563902888,0.7007069295807512,0.31668949670805535,0.0,0.00847904715732685,-0.6794519337004292,0,0.04952572874838604,0.0014647157445511348,0.0,0.0,45.0,0,1.0,,
118,"LAMBAYEQUE, FERREÑAFE, PITIPO",0.01886890566037728,0.018511888928462766,-0.00036982248520711305,-0.0014513788098693774,0.6689075630245426,0.0025437141471980926,-0.2334680653249906,0,0.04000533461369913,0.0,0.0,0.0,52.0,0,0.0,,
119,"AMAZONAS, BAGUA, ARAMANGO",0.3962271886792456,0.8430040149521154,0.3859471396850095,0.01888386027536971,0.9587758329926463,0.010683599418231304,0.012571357363598849,0,0.24512245803298496,0.0017199999999999993,0.08,0.010666666666666665,15.0,0,4.0,,
120,"ICA, ICA, YAUCA DEL ROSARIO",0.03773681132075485,0.03631178212890786,0.508861236802413,-0.002959674435812059,0.22788296041178546,0.005087428294396174,-0.45795658967522057,0,0.040821994520255166,0.0019753086419753104,0.0,0.0,51.0,0,1.0,,
121,"JUNIN, CHANCHAMAYO, SAN LUIS DE SHUARO",0.4339631886792462,2.8871476489854797,0.7013989976704315,-0.004922876486052626,0.0,0.0073131781731944805,-0.64428206488624,0,0.04255961441879589,0.0033422851562499973,0.0,0.0,49.0,1,1.0,,
122,"SAN MARTIN, RIOJA, RIOJA",0.622642264150944,2.951939252403182,0.6103402834045727,0.030488581856574645,0.8617413292340087,0.008394256685753344,-0.27297804560947936,0,0.1734326093767086,0.0029019629629629612,0.030000000000000006,0.0023333333333333335,28.0,2,2.0,,
123,"LIMA, LIMA, COMAS",4.150943981132074,76.73192821644741,0.7845239247788317,0.4533133980296964,0.0,0.014726766115357105,-1.082979902208132,0,0.05199529511838033,0.0004121967566126605,0.18157894736842103,0.021922129886118802,41.0,1,3.0,,
124,"JUNIN, SATIPO, VIZCATAN DEL ENE",0.26415175471698055,0.3830540391599977,0.6036778518564099,0.5224977204180405,0.0,0.011870666020257558,-0.9248927203233984,0,0.055602730209212116,7.468373723517752e-05,0.0,0.0,43.0,0,4.0,,
125,"LORETO, DATEM DEL MARAÑON, MORONA",1.9056612641509434,49.59487024065514,0.5984668451871317,0.04141145922495671,0.0,0.006943652131540403,0.606725741487122,0,0.04348511193973878,6.957845914406564e-06,0.0,0.0,49.0,1,1.0,,
126,"LORETO, UCAYALI, PAMPA HERMOSA",0.16981220754716914,0.25418268209337186,0.8157724216618408,0.2631467681412187,0.0,0.011446713662391311,-0.9697904251943513,0,0.046382265100891724,0.004822530864197533,0.0,0.0,47.0,0,1.0,,
127,"HUANUCO, PUERTO INCA, CODO DEL POZUZO",0.547170679245284,3.455321228907198,0.37658096020174747,0.19642780773612123,0.0,0.006706155478976725,-0.565711081364641,0,0.04546237407675729,0.001580956910283231,0.01818181818181818,0.0014692378328741967,47.0,3,2.0,,
128,"PIURA, PIURA, PIURA",0.5660384150943398,1.566392965468356,0.32245188152008586,-0.020437392795883372,0.8412331029188742,0.009538928051992225,0.2682637865975684,0,0.546984041029522,0.0019135953173225295,0.05,0.004166666666666667,8.0,2,2.0,,
129,"ICA, ICA, TATE",0.45283096226415176,1.266642232823244,0.7620259148218981,0.23173926416154933,0.0,0.012209827906550666,-0.9769740579722218,0,0.05781957088882625,0.0013967407407407414,0.15999999999999998,0.011111111111111112,41.0,0,1.0,,
130,"UCAYALI, CORONEL PORTILLO, NUEVA REQUENA",2.283019433962263,12.42933169811347,0.9198519524758146,0.7010373737734014,0.0,0.025649117650913347,-1.703119604736621,0,0.08162749405910802,0.0003081150691586649,0.39166666666666666,0.03395061728395064,37.0,3,5.0,,
131,"CUSCO, LA CONVENCION, MARANURA",0.7358498679245262,5.1377702548951225,0.6347805798210373,0.19735362715977073,0.0,0.008267070978393706,-0.6794519337015817,0,0.10239115188879946,0.0010040598565386378,0.016666666666666666,0.0012345679012345677,39.0,1,1.0,,
132,"ICA, PALPA, PALPA",0.09434054716981145,0.12317533285873843,0.5789237749544052,-0.005453157378121927,0.0,0.006359285367995198,-0.5567315403890812,0,0.04344574651045372,0.0006250000000000003,0.0,0.0,49.0,0,0.0,,
133,"CUSCO, LA CONVENCION, ECHARATE",2.094340245283019,15.142040823780938,0.7743922227951903,0.5033881884503495,0.0,0.016608957078763052,1.21329444807701,0,0.0665526205092724,0.000146878119364081,0.18235294117647063,0.0076509034986543675,35.0,3,3.0,,
134,"LA LIBERTAD, TRUJILLO, LAREDO",0.03773681132075485,0.03631178212890786,0.4888763197586725,-0.002959674435812059,0.6989817155590193,0.005087428294396126,-0.4220384257798725,0,0.0842323108193639,0.006049382716049382,0.0,0.0,49.0,0,2.0,,
135,"PASCO, OXAPAMPA, OXAPAMPA",0.13207635849056615,0.15236715628347502,0.6383894446502503,0.2974343149356374,0.26377989217347997,0.008902999515193157,-0.6869348845123276,0,0.09470795154161891,0.0019753086419753104,0.0,0.0,45.0,0,2.0,,
136,"SAN MARTIN, PICOTA, TINGO DE PONASA",0.5849063962264158,1.3371297906730337,0.7027882081683915,0.501190547953463,0.0,0.015771027712627828,-1.1637485102313576,0,0.05824061998094899,0.0005656296296296295,0.25999999999999995,0.02177777777777777,39.0,0,6.0,,
137,"LORETO, UCAYALI, CONTAMANA",20.32075500000003,726.0669162299758,0.837304183362369,0.6104715657292468,0.0,0.032614049244431155,-1.4944521763881196,0,0.09470795154161891,0.001012748550445136,0.39999999999999997,0.08822121441169062,28.0,3,3.0,,
138,"SAN MARTIN, SAN MARTIN, SAN ANTONIO",0.09434052830188693,0.0854394873621361,0.8133814102564101,0.19213836477987414,0.0,0.012718570735990345,-1.0775449168832694,0,0.04612582339537549,0.01234567901234568,0.0,0.0,48.0,0,1.0,,
139,"AYACUCHO, HUANTA, CANAYRE",3.9433967358490563,39.3741504855823,0.7330664291115838,0.39865753562066675,0.0,0.021265450270574818,1.2578540996386915,0,0.15041701027520937,0.0008222751604938273,0.20799999999999996,0.016,35.0,6,3.0,,
140,"PUNO, CARABAYA, AYAPATA",0.01886890566037736,0.018511888928462797,-0.0003698224852071037,-0.001451378809869373,0.6689075630252714,0.0025437141471979785,0.2334680653242751,0,0.04000533461369913,0.0,0.0,0.0,52.0,0,1.0,,
141,"SAN MARTIN, PICOTA, PILLUANA",0.03773681132075485,0.03631178212890786,0.508861236802413,-0.002959674435812059,0.22788296041178546,0.005087428294396174,-0.45795658967522057,0,0.040821994520255166,0.0019753086419753104,0.0,0.0,51.0,0,1.0,,
142,"SAN MARTIN, TOCACHE, POLVORA",1.7547175471698113,17.203985197579456,0.47072004794844735,0.30075415476180256,0.0,0.00876168206257072,0.6581670958359713,0,0.08781620600691682,4.109256080155326e-06,0.05925925925925926,0.002743484224965707,44.0,1,1.0,,
143,"LIMA, LIMA, SANTIAGO DE SURCO",0.03773681132075485,0.03631178212890786,0.508861236802413,-0.002959674435812059,0.22788296041178546,0.005087428294396174,-0.45795658967522057,0,0.040821994520255166,0.0019753086419753104,0.0,0.0,51.0,0,1.0,,
144,"SAN MARTIN, HUALLAGA, TINGO DE SAPOSOA",0.5094348490566046,5.042362927020376,0.490275928857642,0.07462447981329225,0.10361671406553608,0.004578685464956543,-0.4016847995711127,0,0.04541747969079278,0.0017371400701112634,0.0,0.0,50.0,1,1.0,,
145,"TUMBES, CONTRALMIRANTE VILLAR, ZORRITOS",0.8867930566037737,2.175862225703339,0.5085014745575225,0.20930677664723896,0.4828996146170992,0.01494432061478819,-0.3075492783619981,0,0.3592140904574087,0.0007390076437114194,0.2,0.032812499999999994,24.0,2,2.0,,
146,"SAN MARTIN, LAMAS, CAYNARACHI",1.8301893773584887,14.21644457885392,0.8521444712463255,0.5416659185769731,0.0,0.01898002094447766,-1.4008083919458874,0,0.05715841383994864,0.0008575472640106231,0.21538461538461542,0.034253780407626576,39.0,2,1.0,,
147,"LAMBAYEQUE, LAMBAYEQUE, MOCHUMI",0.9056612452830188,10.123173935208372,0.6764833334757295,0.1759077650705855,0.0,0.00718225170973544,0.6232857852551743,0,0.04546237407675729,1.0679653124866506e-05,0.0058823529411764705,0.00034602076124567473,47.0,1,1.0,,
148,"PIURA, PIURA, CASTILLA",0.5471705471698115,1.304377977216286,0.4117346516306135,0.09512235313504169,0.634473359153233,0.014753542053748027,0.4130588848022546,0,0.26419409114456716,0.0029474567901234565,0.22000000000000003,0.035555555555555556,20.0,0,6.0,,
149,"MADRE DE DIOS, TAMBOPATA, INAMBARI",7.320755150943395,145.31220439729455,0.8861544791405943,0.4132597436419178,0.0,0.02295258346774024,-0.7001953694390144,0,0.09106817768524414,0.0013886460324670678,0.1953488372093023,0.06264046631812993,36.0,6,4.0,,
150,"CAJAMARCA, SAN IGNACIO, SAN IGNACIO",0.01886890566037736,0.018511888928462797,-0.0003698224852071037,-0.001451378809869373,0.6689075630252714,0.0025437141471979785,0.2334680653242751,0,0.04000533461369913,0.0,0.0,0.0,52.0,0,1.0,,
151,"HUANUCO, MARAÑON, CHOLON",0.037736811320754717,0.0363117821289078,0.5088612368024132,-0.002959674435812069,0.22788296041326928,0.00508742829439595,0.45795658967446934,0,0.040821994520255166,0.0,0.0,0.0,51.0,0,1.0,,
152,"AYACUCHO, CANGALLO, CANGALLO",0.01886890566037728,0.018511888928462766,-0.00036982248520711305,-0.0014513788098693774,0.6689075630245426,0.0025437141471980926,-0.2334680653249906,0,0.04000533461369913,0.0,0.0,0.0,52.0,0,0.0,,
153,"LIMA, CAÑETE, CHILCA",0.01886890566037728,0.018511888928462766,-0.00036982248520711305,-0.0014513788098693774,0.6689075630245426,0.0025437141471980926,-0.2334680653249906,0,0.04000533461369913,0.0,0.0,0.0,52.0,0,0.0,,
154,"LAMBAYEQUE, CHICLAYO, POMALCA",0.05660473584905674,0.09113552652193045,0.3855167033760767,-0.002653301886792452,0.6299334171526307,0.0038155712207971087,-0.3277532455512442,0,0.041672696400568074,0.0025000000000000014,0.0,0.0,50.0,0,2.0,,
155,"LORETO, MAYNAS, BELEN",12.339622698113207,200.903522988964,0.8135071873688052,0.566850977906523,0.0,0.028196424614703185,-1.3826971143870588,0,0.35570359854910055,0.0001653644502908464,0.18474576271186444,0.022142423952248694,18.0,7,3.0,,
156,"AYACUCHO, HUANTA, SANTILLANA",0.01886890566037728,0.018511888928462766,-0.00036982248520711305,-0.0014513788098693774,0.6689075630245426,0.0025437141471980926,-0.2334680653249906,0,0.04000533461369913,0.0,0.0,0.0,52.0,0,0.0,,
157,"MADRE DE DIOS, TAHUAMANU, TAHUAMANU",0.47169888679245364,1.6454246885014165,0.5464874058581337,0.2048529183641812,0.0,0.007949106709993931,-0.6397922943996885,0,0.0599137493880943,3.7374614197530846e-05,0.0875,0.004340277777777778,41.0,1,0.0,,
158,"AYACUCHO, LA MAR, AYNA",9.566038245283018,284.17015757280166,0.8467350530623622,0.6391197010797561,0.0,0.02262566794086671,-1.6235640224233003,0,0.06310703930969015,9.525520830038516e-05,0.3245614035087719,0.060172360726377355,38.0,3,3.0,,
159,"LORETO, DATEM DEL MARAÑON, MANSERICHE",0.03773681132075485,0.03631178212890786,0.508861236802413,-0.002959674435812059,0.22788296041178546,0.005087428294396174,-0.45795658967522057,0,0.040821994520255166,0.0019753086419753104,0.0,0.0,51.0,0,1.0,,
160,"ICA, PISCO, SAN CLEMENTE",3.433962886792451,84.24563474118933,0.6829672946945399,0.2494277337106823,0.0,0.009259119495800938,-0.7532038969039718,0,0.097736590547167,0.00037916834567901247,0.03599999999999999,0.001208888888888888,45.0,3,1.0,,
161,"LAMBAYEQUE, CHICLAYO, MONSEFU",0.03773681132075485,0.03631178212890785,0.4888763197586725,-0.002959674435812059,0.5341473828019713,0.0050874282943961496,-0.43999750772635854,0,0.041672696400568074,0.006049382716049382,0.0,0.0,50.0,0,1.0,,
162,"UCAYALI, CORONEL PORTILLO, IPARIA",0.037736811320754717,0.0363117821289078,0.5088612368024132,-0.002959674435812069,0.22788296041326928,0.00508742829439595,0.45795658967446934,0,0.040821994520255166,0.0,0.0,0.0,51.0,0,1.0,,
163,"JUNIN, JUNIN, JUNIN",0.01886890566037732,0.01851188892846278,-0.01997041420118344,-0.020682148040638608,0.9740691187778219,0.0025437141471978965,0.017959081948017524,1,0.0824946909208231,0.0019753086419753083,0.0,0.0,28.0,0,2.0,,
164,"LIMA, LIMA, INDEPENDENCIA",0.3396234339622644,0.5261653570667358,0.4674715890299506,0.08832690785610332,0.22229891941440905,0.015262284883187777,-0.07482950811666302,0,0.17907719470909209,0.0011217802164304224,0.13333333333333333,0.02962962962962963,28.0,0,7.0,,
165,"SAN MARTIN, PICOTA, TRES UNIDOS",0.07547262264150956,0.06977558134574426,0.2116365777080064,-0.04697728147862919,0.7555380042309698,0.010174856588792042,-0.43101796675464754,0,0.13476961249793407,0.002962962962962965,0.0,0.0,26.0,0,5.0,,
166,"SAN MARTIN, HUALLAGA, SACANCHE",0.3584913962264158,1.2488424093985007,0.293504734872422,0.11595060347238662,0.7672558708888628,0.006904366970965958,-0.3797063040432365,0,0.10190628078973879,0.0018108966942786187,0.0857142857142857,0.005668934240362811,36.0,2,2.0,,
167,"SAN MARTIN, BELLAVISTA, SAN PABLO",0.30188760377358453,0.588109157707523,0.32648061148893404,0.3182077755950478,0.12435665064687051,0.010174856588792133,-0.6128536714777427,0,0.2194884550369493,0.0012398726851851852,0.125,0.017361111111111112,31.0,0,2.0,,
168,"HUANUCO, LAURICOCHA, JIVIA",0.01886890566037736,0.018511888928462797,-0.0003698224852071037,-0.001451378809869373,0.6689075630252714,0.0025437141471979785,0.2334680653242751,0,0.04000533461369913,0.0,0.0,0.0,52.0,0,1.0,,
169,"LORETO, ALTO AMAZONAS, LAGUNAS",0.5283027547169812,2.928443369170638,0.792141213516012,0.15959520893256085,0.0,0.007913777346838116,0.6794519336993736,0,0.04546237407675729,3.479219706420843e-05,0.02222222222222222,0.002194787379972565,46.0,1,1.0,,
170,"CUSCO, PAUCARTAMBO, KOSÑIPATA",0.056604735849056606,0.09113552652193022,0.4094049252142201,-0.0026533018867924427,0.30142805588508836,0.0038155712207969647,0.3457123274993711,0,0.040821994520255166,0.0,0.0,0.0,51.0,0,1.0,,
171,"ICA, PISCO, TUPAC AMARU INCA",0.13207633962264162,0.11463131221086585,0.8706999522216915,0.4170866049455057,0.0,0.017805999030386408,-1.4457060968121123,0,0.04998490744177486,0.010000000000000004,0.7,0.2777777777777778,46.0,0,1.0,,
172,"SAN MARTIN, MOYOBAMBA, MOYOBAMBA",5.509434150943396,50.62726741189053,0.6027950628552129,-0.04562216175797069,0.9620703606662255,0.02561257003385507,0.11023160643948161,1,0.5412666492672262,0.0026054082334188828,0.21379310344827587,0.0374157748711851,12.0,12,6.0,,
173,"SAN MARTIN, TOCACHE, NUEVO PROGRESO",0.5471705849056611,1.4175854830902401,0.48866044887955673,0.6297157965562009,0.0,0.014753542053748578,-1.012892221868211,0,0.1187693262975355,0.001464493827160494,0.18,0.033777777777777775,29.0,0,5.0,,
174,"CUSCO, LA CONVENCION, QUELLOUNO",0.11320845283018867,0.1381272424351157,0.6312944101671513,0.2507294300719704,0.0,0.007631142441593898,0.6555064911028615,0,0.04529075918016311,0.0003780864197530864,0.0,0.0,48.0,0,1.0,,
175,"SAN MARTIN, BELLAVISTA, HUALLAGA",0.5283026981132084,4.400141542185976,0.2397341586765117,0.0845331867863467,0.006725159968581806,0.004748266408103068,-0.4046779798971213,0,0.053047203331524725,8.803536046334406e-07,0.039999999999999994,0.0012345679012345677,49.0,1,0.0,,
176,"LA LIBERTAD, ASCOPE, CHOCOPE",0.7547178679245274,9.543608487006141,0.12948770910408622,-0.03136208284769965,0.859441897239221,0.005985209758112941,-0.2931556023871652,1,0.14277598373365002,0.0023500099997028918,0.0,0.0,27.0,4,3.0,,
177,"MADRE DE DIOS, MANU, MANU",0.4339630188679253,0.8494119473123964,0.7825858213441833,0.47698049945436444,0.0,0.014626356346388767,-1.1291772774835405,0,0.05947698663842206,0.000523726851851852,0.2,0.01736111111111111,40.0,0,3.0,,
178,"LORETO, REQUENA, MAQUIA",0.05660471698113221,0.05339967960133486,0.6783333333333336,-0.0045283018867924435,0.0,0.007631142441594243,-0.6734655730494503,0,0.042522675202272556,0.006049382716049382,0.0,0.0,50.0,0,1.0,,
179,"SAN MARTIN, PICOTA, PICOTA",2.3773590754716984,27.216088354574822,0.5082748752763141,0.03866332662857706,0.8575940823067412,0.011870666020256994,0.23579609446538619,1,0.18332708729597333,0.0021549641376865845,0.04074074074074074,0.005624142661179697,23.0,5,4.0,,
180,"HUANUCO, HUAMALIES, MONZON",0.37735928301886873,0.7632603488787681,0.751327386704978,0.44580751900872995,0.0,0.012718570735990259,-1.0057085890900872,0,0.05601962368129212,0.00035156250000000004,0.15,0.017361111111111112,42.0,0,1.0,,
181,"PASCO, OXAPAMPA, PALCAZU",0.3396234716981141,0.8280521238876428,0.7461884798685091,0.2697967196093382,0.0,0.011446713662391283,-0.9450966875142419,0,0.05077232537342326,0.0014588155864197541,0.125,0.017361111111111112,44.0,0,3.0,,
182,"UCAYALI, CORONEL PORTILLO, MASISEA",0.9811328301886793,6.131717992168217,0.786553396548906,0.32761986346388106,0.0,0.011022761304524484,0.89570921215723,0,0.055262678675049415,9.602790161560736e-05,0.075,0.004320987654320988,44.0,1,1.0,,
183,"HUANUCO, PUERTO INCA, HONORIA",0.4150951320754725,0.9220356539695507,0.7287569118772562,0.4654330880745975,0.0,0.013990427809589267,-1.0910142283430262,0,0.05238105083738388,0.0014062500000000002,0.125,0.017361111111111112,42.0,0,3.0,,
184,"SAN MARTIN, LAMAS, CUÑUMBUQUI",0.32075552830188764,0.5574932495551556,0.8087115086389324,0.40816646184245403,0.0,0.014414380167455521,-1.0535994742844184,0,0.10576366019059943,0.0018899557994208206,0.0,0.0,41.0,0,2.0,,
185,"UCAYALI, CORONEL PORTILLO, CALLERIA",85.01886792452831,6784.320398718403,0.7983592196184831,0.5800926919278144,0.0,0.04204382280558784,-1.794542485147064,0,0.5336403015321621,0.001298952262564171,0.33498098859315595,0.05259212139028242,15.0,2,7.0,,
186,"LORETO, REQUENA, YAQUERANA",0.0377368113207547,0.036311782128907795,-0.02073906485671192,-0.022567517573066964,0.8141059483453263,0.0050874282943959,0.38612026188250814,0,0.08415764785384988,0.0019753086419753096,0.0,0.0,43.0,0,3.0,,
187,"ICA, NASCA, NASCA",0.8679250188679233,1.2467061616236026,0.768082947811341,0.5954602760686614,0.0,0.029252712692777027,-1.694888358843876,0,0.1415401722353286,0.0005755690586419752,0.25,0.017361111111111112,26.0,0,7.0,,
188,"SAN MARTIN, EL DORADO, SAN JOSE DE SISA",4.20754758490566,43.070128226415314,0.7366534996826182,0.4414209145385199,0.444216949567534,0.0202588662437548,0.2527099388392891,0,0.29881391282062525,0.0027315295862770676,0.19999999999999996,0.016765873015873015,21.0,4,2.0,,
189,"AYACUCHO, HUAMANGA, JESUS NAZARENO",0.01886890566037736,0.018511888928462797,-0.0003698224852071037,-0.001451378809869373,0.6689075630252714,0.0025437141471979785,0.2334680653242751,0,0.04000533461369913,0.0,0.0,0.0,52.0,0,1.0,,
190,"LORETO, MAYNAS, INDIANA",1.7169815094339613,3.6746160056962114,0.819942040359341,0.5047489699597492,0.0,0.038579664565836176,-1.9665194733077125,0,0.23541364390602407,0.0010346650663008695,0.3333333333333333,0.06296296296296293,20.0,4,5.0,,
191,"TUMBES, TUMBES, SAN JACINTO",1.3018872830188672,3.8711272381632957,0.6342934817453467,-0.05345969787722837,0.7041135062837014,0.025073753736665733,-0.660637657373367,1,0.34526994732474203,0.003405602603853334,0.22857142857142854,0.07165532879818592,10.0,8,5.0,,
192,"ICA, PISCO, HUMAY",0.03773681132075485,0.03631178212890786,0.508861236802413,-0.002959674435812059,0.22788296041178546,0.005087428294396174,-0.45795658967522057,0,0.040821994520255166,0.0019753086419753104,0.0,0.0,51.0,0,1.0,,
193,"LA LIBERTAD, ASCOPE, CASA GRANDE",4.830189226415094,52.631536187967505,0.8623598100775927,0.4764132438174053,0.6479970785469694,0.028312644420985404,0.5789851854112533,1,0.2328523654411707,0.0027343529864246987,0.3739130434782609,0.08225162780928377,22.0,6,6.0,,
194,"SAN MARTIN, MARISCAL CACERES, JUANJUI",18.075471943396227,1113.616936665006,0.6159145219585265,0.23353189343632186,0.3435793881789895,0.018890528317950683,0.21007949348287375,0,0.12003967832087545,0.003791719938969017,0.22325581395348837,0.0462585715334949,32.0,6,5.0,,
195,"UCAYALI, ATALAYA, TAHUANIA",1.528302679245281,14.626555071555876,0.9015254977078726,0.3597291093968565,0.0,0.012120049760178985,-0.9856366739724882,0,0.05001042057466142,0.001840974126267645,0.06470588235294118,0.007266435986159166,44.0,1,1.0,,
196,"AMAZONAS, BAGUA, LA PECA",0.28301967924528243,0.4293338234248583,0.7401293281808777,0.4701648987765574,0.0,0.012718570735990264,-1.0087017694133953,0,0.0544513196041703,0.00012345679012345677,0.0,0.0,43.0,0,3.0,,
197,"LIMA, LIMA, LA MOLINA",1.056604566037734,7.336416979708267,0.7847913686369415,0.3408055490448846,0.0,0.011870666020257608,-0.9189063596748688,0,0.16180665057090168,0.0015625357224508464,0.075,0.011496913580246912,45.0,1,1.0,,
198,"LORETO, LORETO, PARINARI",0.05660471698113221,0.05339967960133486,0.6783333333333336,-0.0045283018867924435,0.0,0.007631142441594243,-0.6734655730494503,0,0.042522675202272556,0.006049382716049382,0.0,0.0,50.0,0,1.0,,
199,"LAMBAYEQUE, LAMBAYEQUE, TUCUME",0.018868905660377282,0.018511888928462766,-0.019970414201183433,-0.0014513788098693774,0.892843324175087,0.0025437141471980574,-0.20652944240277482,0,0.0824946909208231,0.001975308641975309,0.0,0.0,49.0,0,2.0,,
200,"SAN MARTIN, SAN MARTIN, ALBERTO LEVEAU",0.01886890566037728,0.018511888928462766,-0.00036982248520711305,-0.0014513788098693774,0.6689075630245426,0.0025437141471980926,-0.2334680653249906,0,0.04000533461369913,0.0,0.0,0.0,52.0,0,0.0,,
201,"SAN MARTIN, MARISCAL CACERES, HUICUNGO",1.5471704905660382,13.870414416518551,0.40074252679196587,0.030248146960802642,0.7422172358534495,0.010429228003511664,0.32056961277148527,0,0.28697759901651726,0.0023110273919753083,0.07,0.006916666666666666,38.0,3,3.0,,
202,"ICA, ICA, PACHACUTEC",0.8490573018867907,3.147026226415301,0.715974071349803,0.48497396055664665,0.0,0.01271857073599021,-0.9568199771197426,0,0.0658872789287984,0.0006562534693409059,0.15555555555555556,0.007681755829903975,37.0,1,1.0,,
203,"LORETO, UCAYALI, INAHUAYA",1.5660385094339604,17.641863009612162,0.5767061026461979,0.5167300724775633,0.0,0.008797011425726602,-0.6992817533510275,0,0.052574524543599115,0.0009431020989321368,0.062499999999999986,0.005883487654320987,44.0,1,2.0,,
204,"UCAYALI, PADRE ABAD, IRAZOLA",1.4528307169811308,4.8138112096834105,0.7793950629701528,0.47215857875216616,0.0,0.019586598933424713,-1.2508500576805512,0,0.10626919359404441,0.0004520185185185187,0.17999999999999997,0.007555555555555566,33.0,3,3.0,,
205,"JUNIN, HUANCAYO, EL TAMBO",0.01886890566037729,0.01851188892846277,-0.019970414201183433,-0.02068214804063862,0.9584099315193908,0.0025437141471980145,-0.17061127850611513,0,0.0824946909208231,0.0019753086419753083,0.0,0.0,45.0,0,2.0,,
206,"HUANUCO, HUANUCO, CHINCHAO",0.01886890566037728,0.018511888928462766,-0.00036982248520711305,-0.0014513788098693774,0.6689075630245426,0.0025437141471980926,-0.2334680653249906,0,0.04000533461369913,0.0,0.0,0.0,52.0,0,0.0,,
207,"ICA, PISCO, PARACAS",0.03773681132075485,0.03631178212890786,0.508861236802413,-0.002959674435812059,0.22788296041178546,0.005087428294396174,-0.45795658967522057,0,0.040821994520255166,0.0019753086419753104,0.0,0.0,51.0,0,1.0,,
208,"ICA, ICA, SAN JUAN BAUTISTA",2.5660384339622624,32.3965788309009,0.6578823850357645,0.50147332445109,0.0,0.01235518300067623,-0.9553590200568082,0,0.05781957088882625,0.00019807094346619984,0.1642857142857143,0.018877551020408157,42.0,1,4.0,,
209,"PUNO, CARABAYA, OLLACHEA",0.01886890566037736,0.018511888928462797,-0.0003698224852071037,-0.001451378809869373,0.6689075630252714,0.0025437141471979785,0.2334680653242751,0,0.04000533461369913,0.0,0.0,0.0,52.0,0,1.0,,
210,"SAN MARTIN, TOCACHE, UCHIZA",0.8679252075471681,3.2844416831614796,0.2724364164528809,0.2739325695634569,0.21483133274935207,0.011701085077110858,-0.5675069895586996,0,0.1366729059892747,0.0008807592592592596,0.16000000000000003,0.01877777777777777,28.0,3,2.0,,
211,"LA LIBERTAD, PACASMAYO, PACASMAYO",0.01886890566037728,0.018511888928462766,-0.00036982248520711305,-0.0014513788098693774,0.6689075630245426,0.0025437141471980926,-0.2334680653249906,0,0.04000533461369913,0.0,0.0,0.0,52.0,0,0.0,,
212,"SAN MARTIN, MOYOBAMBA, SORITOR",0.8867931132075468,3.2324658988966286,0.32039759848491245,0.010603856703515928,0.707432304846388,0.014944320614788148,-0.24918226203174434,0,0.22701952515890272,0.0017067690248842586,0.1125,0.022395833333333327,21.0,5,4.0,,
213,"ICA, ICA, SUBTANJALLA",18.83018903773585,882.254169482378,0.8771129022255386,0.6891792629613344,0.0,0.02617140947323324,-1.7564722725829367,0,0.060624621816434854,0.0010283617474664808,0.4113402061855671,0.040352617470270837,35.0,1,3.0,,
214,"ICA, NASCA, VISTA ALEGRE",0.3396234150943404,0.5639012189393005,0.6523890688516522,0.4176434152849248,0.0,0.011446713662391207,-0.8822399006964555,0,0.06219620786990581,3.809799382716051e-05,0.2,0.01736111111111111,41.0,0,0.0,,
215,"JUNIN, SATIPO, PANGOA",12.962264415094339,295.4702672709151,0.851912351097457,0.625861106963584,0.0,0.02608256147947731,1.558285416488959,0,0.14285112457332488,0.0006418496335578368,0.2253731343283583,0.014838741615306576,27.0,3,3.0,,
216,"CUSCO, LA CONVENCION, KIMBIRI",5.358490849056604,56.45638714133164,0.8307026258138623,0.41051388342590855,0.0,0.02064042336583467,1.2294274384984236,0,0.20267109620923435,6.556066659468023e-05,0.1657142857142858,0.014539682539682535,27.0,3,1.0,,
217,"TUMBES, ZARUMILLA, MATAPALO",3.6792459811320755,66.7839037273053,0.6004545897914746,0.33088226123822084,0.0,0.015500758084487476,1.1426465889423392,0,0.05102480197084835,0.0022967958450317385,0.15,0.024403211805555557,42.0,3,7.0,,
218,"MADRE DE DIOS, MANU, MADRE DE DIOS",0.7169818301886774,1.5236729042365917,0.846998518550119,0.3275745018515254,0.0,0.02416528439838118,-1.61407249007795,0,0.06776785880522068,0.0031712962962962958,0.525,0.13124999999999998,37.0,0,3.0,,
219,"LIMA, LIMA, MAGDALENA DEL MAR",0.03773681132075485,0.03631178212890786,0.508861236802413,-0.002959674435812059,0.22788296041178546,0.005087428294396174,-0.45795658967522057,0,0.040821994520255166,0.0019753086419753104,0.0,0.0,51.0,0,1.0,,
220,"LAMBAYEQUE, CHICLAYO, CAYALTI",1.358491358490564,15.512991794944949,0.4548644243514625,0.17956569480863618,0.488697589700544,0.009639337820960917,-0.4815869606592862,0,0.22527650626435128,0.004377539846765836,0.021052631578947368,0.0025854108956602033,26.0,5,2.0,,
221,"HUANUCO, LEONCIO PRADO, LUYANDO",1.6792459433962248,11.010321740833287,0.8095893638391988,0.5234153090806157,0.0,0.01886587992505213,-1.4135294083235819,0,0.06924441217498385,0.0015421739254686795,0.19166666666666665,0.01304012345679011,39.0,3,5.0,,
222,"LAMBAYEQUE, CHICLAYO, CHONGOYAPE",0.05660473584905668,0.09113552652193035,0.38551670337607674,-0.03780955188679247,0.9508056002650384,0.0038155712207968593,-0.031428393409138396,1,0.0842323108193639,0.002500000000000001,0.0,0.0,28.0,0,2.0,,
223,"LA LIBERTAD, PATAZ, PATAZ",0.7358498301886792,3.6660721972233867,0.6143593156242152,0.2676449356350565,0.0,0.009920485174072036,0.805464825368658,0,0.05491575759611465,0.00012099999999999999,0.09,0.005444444444444445,46.0,3,3.0,,
224,"PIURA, PAITA, COLAN",0.01886890566037728,0.018511888928462766,-0.00036982248520711305,-0.0014513788098693774,0.6689075630245426,0.0025437141471980926,-0.2334680653249906,0,0.04000533461369913,0.0,0.0,0.0,52.0,0,0.0,,
225,"HUANUCO, HUANUCO, HUANUCO",0.037736811320754717,0.0363117821289078,0.5088612368024132,-0.002959674435812069,0.22788296041326928,0.00508742829439595,0.45795658967446934,0,0.040821994520255166,0.0,0.0,0.0,51.0,0,1.0,,
226,"SAN MARTIN, LAMAS, SHANAO",0.6981139433962246,2.323957676753487,0.7329108143158393,0.4130942471328154,0.0,0.013445346206618254,-1.0429095445549488,0,0.060624621816434854,0.0004367521763051407,0.1714285714285714,0.009070294784580497,39.0,1,3.0,,
227,"ICA, ICA, SAN JOSE DE LOS MOLINOS",2.452830849056602,30.964752901388618,0.5841901945276561,-0.03661153941266048,0.7731277458457735,0.0114028565219219,-0.0857700982701679,0,0.10973962806718586,0.0027658701526089443,0.06206896551724136,0.008045977011494251,28.0,6,4.0,,
228,"PIURA, SULLANA, LANCONES",0.01886890566037736,0.018511888928462797,-0.0003698224852071037,-0.001451378809869373,0.6689075630252714,0.0025437141471979785,0.2334680653242751,0,0.04000533461369913,0.0,0.0,0.0,52.0,0,1.0,,
229,"TUMBES, ZARUMILLA, ZARUMILLA",2.6603777169811313,11.129937572801943,0.6003070124154515,0.23671146269867333,0.7095510644212801,0.025618835339636763,-0.5086268565981024,1,0.33050206963470913,0.0017057370000154257,0.20714285714285707,0.03599773242630385,16.0,12,5.0,,
230,"UCAYALI, PADRE ABAD, ALEXANDER VON HUMBOLDT",0.09434054716981145,0.12317533285873843,0.5789237749544052,-0.005453157378121927,0.0,0.006359285367995198,-0.5567315403890812,0,0.04344574651045372,0.0006250000000000003,0.0,0.0,49.0,0,0.0,,
231,"UCAYALI, CORONEL PORTILLO, MANANTAY",46.792452867924524,2254.164467810609,0.7461452985362956,0.6571310863457073,0.0,0.043808410312854075,-1.983979691867299,0,0.360165348878501,0.0007872226771528709,0.40416666666666656,0.0593364197530864,20.0,7,8.0,,
232,"SAN MARTIN, LAMAS, PINTO RECODO",0.37735932075471784,1.0274112637950872,0.7382721852955499,0.36341348605499546,0.0,0.010174856588792242,-0.8315054941953501,0,0.04867967303623297,0.0017453827160493827,0.08,0.010666666666666666,44.0,0,1.0,,
233,"LAMBAYEQUE, LAMBAYEQUE, PACORA",0.0943405283018869,0.085439487362136,0.567067307692308,-0.11202830188679243,0.9647964023296176,0.012718570735989749,-0.2873453111681089,0,0.14001323022671347,0.009074074074074076,0.0,0.0,22.0,0,4.0,,
234,"HUANUCO, PACHITEA, UMARI",0.01886890566037736,0.018511888928462797,-0.0003698224852071037,-0.001451378809869373,0.6689075630252714,0.0025437141471979785,0.2334680653242751,0,0.04000533461369913,0.0,0.0,0.0,52.0,0,1.0,,
235,"SAN MARTIN, HUALLAGA, ALTO SAPOSOA",0.22641603773584834,1.5713772872909035,0.23582298111932953,-0.0024621487377213154,0.3808793220006048,0.0033916188629307857,-0.3072998466672383,0,0.041672696400568074,6.0966316110348975e-06,0.0,0.0,50.0,1,0.0,,
236,"CAJAMARCA, JAEN, BELLAVISTA",0.05660471698113206,0.05339967960133503,0.31820512820512814,-0.024528301886792454,0.6900096697031683,0.007631142441593847,0.5387724584407176,0,0.08596514133023365,0.001975308641975309,0.0,0.0,35.0,0,3.0,,
237,"HUANUCO, LEONCIO PRADO, MARIANO DAMASO BERAUN",0.5471705849056612,1.4553213321468428,0.8724126547919837,0.4886321677805265,0.0,0.014753542053748694,-1.1619526020370814,0,0.05491575759611465,0.001026962962962963,0.13999999999999999,0.018222222222222226,41.0,0,3.0,,
238,"PIURA, MORROPON, SAN JUAN DE BIGOTE",0.1698122452830188,0.7070128579566378,0.012559039207237235,-0.007609872883771307,0.4555039541402718,0.003815571220796963,0.27986236035626927,0,0.09078811504344904,1.5241579027587257e-06,0.0,0.0,38.0,1,1.0,,
239,"SAN MARTIN, PICOTA, SAN HILARION",0.4150951886792461,1.5635450409399683,0.41234923091146,0.10142798226621305,0.0,0.007994530176908175,-0.6426785754268756,0,0.09752502013387773,0.0019753086419753087,0.04285714285714286,0.0047619047619047615,43.0,2,5.0,,
240,"SAN MARTIN, SAN MARTIN, SAUCE",0.9056610943396228,5.821287416162539,0.22573211915325928,0.004410054277591103,0.7358920659225898,0.008139885271033447,0.38612026188225895,0,0.257315946669604,1.008748666361835e-05,0.02666666666666666,0.0014320987654320983,35.0,4,2.0,,
241,"SAN MARTIN, SAN MARTIN, MORALES",12.886792716981132,333.5720829035246,0.8038153817633443,0.49401740336099736,0.0,0.019520862500406626,1.2006352538278309,0,0.07895255167327847,9.197746414926785e-06,0.17303370786516853,0.006173462946597653,29.0,1,1.0,,
242,"UCAYALI, PADRE ABAD, PADRE ABAD",9.830188905660377,259.91455589035246,0.8170786382446836,0.45691944499719606,0.0,0.020707422979533843,-1.2822503900227018,0,0.18933297903175864,0.0014720401278248542,0.1796875,0.02041286892361111,21.0,5,4.0,,
243,"SAN MARTIN, PICOTA, SAN CRISTOBAL",0.1320763773584907,0.19010300035608424,0.6395489170411818,0.1784679527948555,0.0,0.00890299951519325,-0.7587712123041088,0,0.04440975370695738,0.0027854938271604937,0.0,0.0,48.0,0,2.0,,
244,"SAN MARTIN, LAMAS, RUMISAPA",0.3396234528301895,0.903523834816814,0.4208187235045345,0.24686649716758124,0.0,0.007631142441594145,-0.5926497042856601,0,0.05594995447838027,0.000841716201798506,0.0,0.0,42.0,2,1.0,,
245,"LIMA, LIMA, ATE",0.5094348113207556,2.4385893805626018,0.5958028845386081,-0.031681586558325314,0.0,0.008585035246793386,-0.5039767371642954,0,0.1499060274963127,0.0022504340277777783,0.025,0.002777777777777778,32.0,1,1.0,,
246,"SAN MARTIN, MOYOBAMBA, YANTALO",0.41509515094339705,1.0352431854754125,0.7573668640539695,0.40078118917235467,0.0,0.011192342247671459,-0.9087295465734627,0,0.05220639747945107,0.00018982716049382707,0.08,0.010666666666666666,43.0,0,1.0,,
247,"AYACUCHO, SUCRE, SAN PEDRO DE LARCAY",0.01886890566037736,0.018511888928462797,-0.0003698224852071037,-0.001451378809869373,0.6689075630252714,0.0025437141471979785,0.2334680653242751,0,0.04000533461369913,0.0,0.0,0.0,52.0,0,1.0,,
248,"SAN MARTIN, SAN MARTIN, CACATACHI",1.0377365660377342,4.526876404414575,0.794073774922984,0.24203351000373927,0.4390420227940267,0.015544919788432301,-0.7353246330937709,0,0.18332708729597333,0.0017456970764393419,0.17777777777777776,0.03072702331961591,29.0,2,4.0,,
249,"JUNIN, CHANCHAMAYO, SAN RAMON",10.679245698113206,202.7461641495197,0.8469958202889918,0.6890018308228512,0.0,0.03348237691428074,-2.0421146787175837,0,0.07586575077471348,0.00028996282181536305,0.4372093023255811,0.06613184303827899,31.0,1,7.0,,
250,"SAN MARTIN, BELLAVISTA, BELLAVISTA",6.716981698113209,228.01423233891086,0.4189397112442685,0.24837003251863343,0.4944285398329,0.009951233367060093,0.5570275692120837,0,0.06194448596052451,0.0010777438003074342,0.09010989010989011,0.007606435078962552,40.0,4,2.0,,
251,"TUMBES, TUMBES, CORRALES",1.735849622641508,9.85475061587778,0.32560378757531966,0.0920167454363778,0.4572593193368014,0.016715835824443918,-0.6394715965058443,1,0.48639159842870855,0.001827749240285683,0.14999999999999997,0.03452380952380951,13.0,9,4.0,,
252,"SAN MARTIN, PICOTA, PUCACACA",0.2075480377358484,0.4286219252404128,0.42641485010961094,0.2291261831630414,0.0,0.006995213904794686,-0.5881599337967343,0,0.04848809499329433,0.0001234567901234568,0.125,0.017361111111111112,46.0,0,0.0,,
253,"LA LIBERTAD, ASCOPE, ASCOPE",0.018868905660377286,0.01851188892846277,-0.019970414201183433,-0.02068214804063862,0.9412336212029356,0.0025437141471980353,-0.1885703604545938,0,0.0824946909208231,0.001975308641975309,0.0,0.0,47.0,0,2.0,,
254,"SAN MARTIN, RIOJA, ELIAS SOPLIN VARGAS",0.5660385283018876,2.1324305731578734,0.20946434480615062,0.324052666393675,0.33575228883740815,0.009538928051992607,-0.23571295056815353,0,0.05385411524922415,0.001949779369212962,0.0625,0.01128472222222222,41.0,2,3.0,,
255,"LORETO, UCAYALI, VARGAS GUERRA",0.35849132075471773,0.4941254823782562,0.7836537081023216,0.5171143494100374,0.0,0.01611018959892091,-1.1972721298677693,0,0.06401095583913083,0.00017375400091449475,0.0,0.0,40.0,0,3.0,,
256,"SAN MARTIN, SAN MARTIN, JUAN GUERRA",1.773585433962264,12.477036217871376,0.8545823825029661,0.17944339407303408,0.4517774000053807,0.01594060865577372,0.7884036975174258,0,0.12070274575971816,0.0034743264746227714,0.11333333333333333,0.008098765432098764,32.0,2,2.0,,
257,"AYACUCHO, HUANTA, HUANTA",0.01886890566037736,0.018511888928462797,-0.0003698224852071037,-0.001451378809869373,0.6689075630252714,0.0025437141471979785,0.2334680653242751,0,0.04000533461369913,0.0,0.0,0.0,52.0,0,1.0,,
258,"HUANUCO, PUERTO INCA, TOURNAVISTA",1.0188686603773567,4.54681231327895,0.8547573748635564,0.5160448268322805,0.0,0.015262284883188287,-1.1833039550202356,0,0.056908132271879484,0.0005436351354148438,0.2333333333333333,0.02866941015089163,39.0,3,1.0,,
259,"JUNIN, SATIPO, LLAYLLA",0.1320763773584907,0.19010300035608424,0.6395491193605514,0.3638612112218218,0.0,0.00890299951519325,-0.7587712123053825,0,0.04541747969079278,0.0027854938271604937,0.0,0.0,47.0,0,1.0,,
260,"LAMBAYEQUE, FERREÑAFE, FERREÑAFE",0.056604716981132175,0.05339967960133506,0.3182051282051281,-0.04452830188679246,0.8081411818028411,0.007631142441593928,-0.026938622921963064,0,0.08596514133023365,0.006049382716049382,0.0,0.0,39.0,0,3.0,,
261,"LORETO, MARISCAL RAMON CASTILLA, YAVARI",0.26415179245282955,0.5717332645070713,0.7160646609775818,0.2859324702178153,0.0,0.008902999515193232,-0.7453019008457114,0,0.04952572874838604,0.00046344521604938275,0.125,0.017361111111111112,45.0,0,1.0,,
262,"TUMBES, TUMBES, PAMPAS DE HOSPITAL",4.603773886792452,79.63545467853352,0.6484632358354687,0.2567355562063339,0.4710781827154249,0.01108332592707699,-0.629209263964296,0,0.20287022502134233,0.0011950652712278934,0.06249999999999996,0.0021258503401360546,39.0,3,2.0,,
263,"AMAZONAS, BAGUA, COPALLIN",0.05660471698113219,0.053399679601334876,0.6579487179487182,-0.06452830188679247,0.8693449807836608,0.007631142441593988,-0.4579565896744107,0,0.08693085845019256,0.006049382716049382,0.0,0.0,42.0,0,2.0,,
264,"LORETO, ALTO AMAZONAS, YURIMAGUAS",23.811320811320762,741.0964729184766,0.6910944685580545,0.6003042900795433,0.0,0.03000156311928848,-1.5095699349584148,0,0.22084205432593057,0.0004711403894131419,0.17943925233644867,0.008086101648858219,26.0,5,6.0,,
265,"PIURA, AYABACA, PAIMAS",0.03773683018867925,0.07404762976149946,-0.00036982248520709457,-0.001451378809869373,0.6689075630252714,0.0025437141471979785,0.2334680653242751,0,0.04000533461369913,0.0,0.0,0.0,52.0,0,1.0,,
266,"PIURA, MORROPON, CHULUCANAS",0.6981139622641491,3.4182972730511034,0.4229106396011524,0.20357001096469682,0.0,0.008556129404211587,-0.5477519994167585,0,0.17583377231521202,0.0016201458613179132,0.05454545454545455,0.002295684113865932,37.0,2,2.0,,
267,"JUNIN, CHANCHAMAYO, CHANCHAMAYO",10.716981169811321,151.14631460590957,0.7836118359253086,0.2201804622745944,0.0,0.027260936520914287,-1.240701482125983,0,0.27780196385207384,0.0017714820155051614,0.2094339622641509,0.01036351410149914,25.0,5,3.0,,
268,"MADRE DE DIOS, TAHUAMANU, IÑAPARI",0.6226422830188659,2.121750549661979,0.817343134708925,0.41221666455616074,0.0,0.01199179526536225,-0.9518313432435792,0,0.05505977718302743,0.0009799929041911556,0.14285714285714285,0.013605442176870746,41.0,2,1.0,,
269,"CUSCO, LA CONVENCION, HUAYOPATA",0.01886890566037736,0.018511888928462797,-0.0003698224852071037,-0.001451378809869373,0.6689075630252714,0.0025437141471979785,0.2334680653242751,0,0.04000533461369913,0.0,0.0,0.0,52.0,0,1.0,,
270,"JUNIN, SATIPO, RIO NEGRO",3.8301890188679235,49.80135019295154,0.7682297218642277,0.018156054616796008,0.6487794991301243,0.017805999030385655,-0.5421784912235991,0,0.1688985364618139,0.0024465033114730588,0.15172413793103445,0.009195402298850573,31.0,6,2.0,,
271,"UCAYALI, PADRE ABAD, CURIMANA",1.5471703396226402,6.398716770381169,0.6200290644692252,0.4864542284347831,0.0,0.01738204667251981,-1.149381244673856,0,0.10626919359404441,0.000264203246456333,0.12500000000000006,0.0031635802469135773,33.0,5,4.0,,
272,"LAMBAYEQUE, LAMBAYEQUE, OLMOS",0.01886890566037729,0.01851188892846277,-0.019970414201183433,-0.02068214804063862,0.9608984744577205,0.002543714147198005,-0.16163173753208637,0,0.0824946909208231,0.0019753086419753083,0.0,0.0,44.0,0,2.0,,
273,"ICA, ICA, SANTIAGO",0.9811327358490549,2.961906856532798,0.84355810361659,0.6802793904209,0.0,0.022045522609049604,-1.5729162606148301,0,0.06924441217498385,0.0005192615454961134,0.2833333333333333,0.016358024691358015,35.0,4,5.0,,
274,"AMAZONAS, CONDORCANQUI, EL CENEPA",0.01886890566037736,0.018511888928462797,-0.0003698224852071037,-0.001451378809869373,0.6689075630252714,0.0025437141471979785,0.2334680653242751,0,0.04000533461369913,0.0,0.0,0.0,52.0,0,1.0,,
275,"TUMBES, TUMBES, LA CRUZ",0.30188769811320754,1.5692411762193836,0.5660730025494864,-0.01164263945485052,0.10113394886050664,0.0058142037650241426,-0.4425630908609877,0,0.08982332963335012,0.0010137751245622975,0.0,0.0,28.0,1,1.0,,
276,"AYACUCHO, HUANTA, SIVIA",7.207547452830189,137.56069367746548,0.6895061922817898,0.3842618887924895,0.0,0.01799442230054838,1.1432285962279949,0,0.1283094486433709,0.001010261182262872,0.09259259259259263,0.010592897424173145,32.0,5,3.0,,
277,"SAN MARTIN, EL DORADO, AGUA BLANCA",0.18868013207547105,0.34175829832690824,0.7114582297291715,0.24734669811320756,0.0,0.008479047157326905,-0.7243496385737621,0,0.04541747969079278,0.0009525986892242038,0.0,0.0,47.0,0,1.0,,
278,"LIMA, LIMA, SAN BORJA",0.01886890566037728,0.018511888928462766,-0.00036982248520711305,-0.0014513788098693774,0.6689075630245426,0.0025437141471980926,-0.2334680653249906,0,0.04000533461369913,0.0,0.0,0.0,52.0,0,0.0,,
279,"SAN MARTIN, SAN MARTIN, LA BANDA DE SHILCAYO",14.358490886792453,440.75826775578497,0.7513236086432272,0.2834137701758202,0.5798060326853915,0.022508912395554193,-0.5265561061849733,0,0.2010136898061072,0.003687134804915236,0.22790697674418603,0.0265308575205817,28.0,8,6.0,,
280,"LIMA, BARRANCA, BARRANCA",0.037736811320754717,0.0363117821289078,0.5088612368024132,-0.002959674435812069,0.22788296041326928,0.00508742829439595,0.45795658967446934,0,0.040821994520255166,0.0,0.0,0.0,51.0,0,1.0,,
281,"LA LIBERTAD, TRUJILLO, FLORENCIA DE MORA",0.03773681132075485,0.03631178212890786,0.508861236802413,-0.002959674435812059,0.22788296041178546,0.005087428294396174,-0.45795658967522057,0,0.040821994520255166,0.0019753086419753104,0.0,0.0,51.0,0,1.0,,
282,"LA LIBERTAD, SANCHEZ CARRION, COCHORCO",0.03773681132075463,0.03631178212890776,-0.0007541478129713595,-0.002959674435812064,0.7877551020405527,0.0050874282943960715,2.491491947956189e-13,0,0.040821994520255166,0.0,0.0,0.0,51.0,0,1.0,,
283,"LORETO, LORETO, TROMPETEROS",0.4528309622641506,1.3798497799930554,0.280086336756402,0.09224156395428083,0.5328190252626199,0.008721305647535819,0.35276768112313484,1,0.17000337191991177,0.00018407967873468358,0.05714285714285714,0.005442176870748298,22.0,1,3.0,,
284,"SAN MARTIN, SAN MARTIN, TARAPOTO",20.283019056603795,660.7689492702029,0.8231408689114841,0.5642686379332603,0.0,0.030049370420196217,-1.7578191528699307,0,0.15805693479432345,0.0002911046632009884,0.24615384615384614,0.01873230554549235,30.0,3,5.0,,
285,"HUANUCO, PUERTO INCA, YUYAPICHIS",1.037736679245281,9.77215918832338,0.5619664635755403,0.24938790940646807,0.0,0.007363383057678617,-0.620533542046046,0,0.04762804898925459,9.399866483529133e-05,0.02631578947368421,0.0020006155740227762,45.0,1,0.0,,
286,"CUSCO, LA CONVENCION, VILLA VIRGEN",0.01886890566037736,0.018511888928462797,-0.0003698224852071037,-0.001451378809869373,0.6689075630252714,0.0025437141471979785,0.2334680653242751,0,0.04000533461369913,0.0,0.0,0.0,52.0,0,1.0,,
287,"SAN MARTIN, MOYOBAMBA, JEPELACIO",0.1886801132075472,0.2662866073336847,0.3939478155971275,0.19311875693673702,0.36280631870646307,0.01271857073599013,-0.4624463601616794,0,0.09741183424749786,0.00396604938271605,0.15,0.058333333333333334,40.0,0,4.0,,
288,"SAN MARTIN, BELLAVISTA, ALTO BIAVO",0.8490572830188663,3.0338187112853734,0.7357540191243548,0.37751347234460864,0.23790270741980746,0.01430839207798882,-0.9271376055664047,0,0.13627761829254784,0.0026466652199074086,0.1625,0.007118055555555545,33.0,2,2.0,,
289,"SAN MARTIN, SAN MARTIN, CHAZUTA",0.4339629999999999,0.6607327184053199,0.702378905436883,0.20855359466493162,0.0,0.019501808461851306,-0.7004041959706964,0,0.18169479400314548,0.0026634659350708726,0.16666666666666666,0.0308641975308642,25.0,0,5.0,,
290,"AMAZONAS, CONDORCANQUI, NIEVA",3.0377363584905654,21.508006872908737,0.6870212541984762,0.17074447353693634,0.5485958441198774,0.022752109872159348,0.31677825102749907,0,0.29413787279465226,0.0017059878236718666,0.24444444444444444,0.057647462277091895,19.0,5,5.0,,
291,"ICA, ICA, ICA",58.84905673584904,11561.86399299893,0.6985208537077499,0.19809774593815446,0.0,0.017869018975474358,-0.7428749978795574,0,0.2660389615722926,0.0014073914575695157,0.16103603603603603,0.022414024384745105,31.0,7,3.0,,
292,"AYACUCHO, LUCANAS, LUCANAS",0.01886890566037728,0.018511888928462766,-0.00036982248520711305,-0.0014513788098693774,0.6689075630245426,0.0025437141471980926,-0.2334680653249906,0,0.04000533461369913,0.0,0.0,0.0,52.0,0,0.0,,
293,"LAMBAYEQUE, CHICLAYO, CHICLAYO",1.3018873584905646,5.116410060520013,0.6024588382141678,0.4308154220208057,0.0,0.01950180846185138,-0.9228972667753134,0,0.6089291014759283,0.0021394943182780407,0.11111111111111112,0.00823045267489712,7.0,5,4.0,,
294,"MADRE DE DIOS, MANU, HUEPETUHE",1.0377364716981132,3.1683860341760988,0.8020915624434067,0.5152469790120838,0.0,0.017488034761985856,1.2346868839262857,0,0.08184524810424341,6.884162808641976e-05,0.1875,0.009722222222222222,33.0,3,1.0,,
295,"AMAZONAS, UTCUBAMBA, JAMALCA",0.30188764150943476,0.6258449839801927,0.8320643812569078,0.2927640758151416,0.3914208906722991,0.013566475451722827,-0.9787699661684283,0,0.0986306034416273,0.004444444444444446,0.0,0.0,42.0,0,2.0,,
296,"SAN MARTIN, EL DORADO, SHATOJA",0.22641592452830125,0.28835847063025866,0.8459401124706697,0.4359655252737012,0.0,0.015262284883188332,-1.225707342953332,0,0.05279159467360816,0.0013040123456790128,0.3,0.06944444444444445,44.0,0,1.0,,
297,"CUSCO, CUSCO, CUSCO",0.018868905660377345,0.01851188892846279,-0.019970414201183437,-0.020682148040638608,0.9608984744576666,0.0025437141471979256,0.16163173753218985,0,0.0824946909208231,0.0019753086419753096,0.0,0.0,44.0,0,2.0,,
298,"HUANUCO, LEONCIO PRADO, RUPA-RUPA",18.32075513207547,1105.5008747867578,0.896105087914077,0.6364551228586149,0.0,0.01843243609648721,-1.3090696487113416,0,0.05829871482750563,0.00031048655455096657,0.2619402985074627,0.03836291180911364,40.0,1,1.0,,
299,"PIURA, PIURA, VEINTISEIS DE OCTUBRE",0.0754726226415095,0.06977558134574433,-0.06397174254317115,-0.06738544474393532,0.9576632201503833,0.010174856588791838,-0.23346806532417477,0,0.18292233782734493,0.0029629629629629637,0.0,0.0,15.0,0,6.0,,
300,"AYACUCHO, LA MAR, ANCO",1.301887528301885,12.097541693841386,0.5205979549561508,0.020677983793862,0.18074658278905165,0.007978012552575554,-0.1632643813453588,0,0.1168520235790797,0.001808599603177616,0.07727272727272727,0.0042011019283746545,35.0,5,1.0,,
301,"AYACUCHO, LA MAR, SAMUGARI",5.358491283018869,176.72053343396246,0.6603440939881373,0.37441329454195166,0.0,0.01046977996817709,0.8354877254081956,0,0.052231192225445706,0.0002648436102888332,0.07536231884057971,0.008812341011458842,45.0,1,3.0,,
302,"LORETO, MAYNAS, LAS AMAZONAS",0.15094428301886725,0.20363091776442954,0.7622712955506313,0.3342129568544662,0.0,0.010174856588792278,-0.8620359335072492,0,0.04633652939584593,0.0025000000000000014,0.0,0.0,47.0,0,1.0,,
303,"LORETO, LORETO, TIGRE",0.7735856226415095,5.23175396368835,0.24060959586134373,0.043218023643964217,0.8137537256096866,0.006952818669007641,0.36696390780400706,0,0.13815033848081718,0.0018321048620637103,0.06666666666666667,0.0012345679012345677,36.0,4,2.0,,
304,"UCAYALI, CORONEL PORTILLO, YARINACOCHA",44.9811320754717,1644.6600213599156,0.8027400032135574,0.645524838366679,0.0,0.04392146427495154,-1.587649359321407,0,0.8007778447523107,0.001344307239011306,0.3348148148148149,0.04616064624295078,10.0,5,6.0,,
305,"AMAZONAS, UTCUBAMBA, EL MILAGRO",0.35849130188679323,0.4186537977930025,0.7706532462000681,0.6681587729431395,0.0,0.02416528439838128,-1.7240718670118111,0,0.06583206284986208,0.0010493827160493832,0.45,0.0694444444444444,39.0,0,6.0,,
306,"UCAYALI, PURUS, PURUS",0.018868905660377303,0.018511888928462773,-0.01997041420118344,-0.020682148040638608,0.9585434173668822,0.0025437141471979364,-0.08081586876616385,0,0.0824946909208231,0.0019753086419753083,0.0,0.0,35.0,0,2.0,,
307,"LA LIBERTAD, ASCOPE, PAIJAN",0.18868013207547163,0.37949414738351067,0.2573060861438195,-0.05116995291868741,0.9246451203080466,0.008479047157326483,0.08680222941478172,0,0.14864102401628868,0.00284865112025606,0.0,0.0,31.0,0,4.0,,
308,"AMAZONAS, BAGUA, BAGUA",3.64150958490566,10.946955112851674,0.4510862869497415,0.24997576315385794,0.6075397732139587,0.04091140253410015,0.818634818796993,0,0.9903987040278769,0.0011151269099603722,0.31666666666666665,0.03703703703703701,7.0,12,11.0,,
309,"AYACUCHO, HUAMANGA, SAN JUAN BAUTISTA",0.01886890566037736,0.018511888928462797,-0.0003698224852071037,-0.001451378809869373,0.6689075630252714,0.0025437141471979785,0.2334680653242751,0,0.04000533461369913,0.0,0.0,0.0,52.0,0,1.0,,
310,"LA LIBERTAD, TRUJILLO, HUANCHACO",0.03773681132075485,0.03631178212890786,0.508861236802413,-0.002959674435812059,0.22788296041178546,0.005087428294396174,-0.45795658967522057,0,0.040821994520255166,0.0019753086419753104,0.0,0.0,51.0,0,1.0,,
311,"LORETO, MAYNAS, TORRES CAUSANA",0.01886890566037736,0.018511888928462797,-0.0003698224852071037,-0.001451378809869373,0.6689075630252714,0.0025437141471979785,0.2334680653242751,0,0.04000533461369913,0.0,0.0,0.0,52.0,0,1.0,,
312,"ICA, NASCA, CHANGUILLO",0.09434056603773598,0.19864702741194395,0.3681070304240833,-0.0033813484817745336,0.05939112780158218,0.004239523578663478,-0.38013390123376284,0,0.041672696400568074,7.468373723517752e-05,0.0,0.0,50.0,0,0.0,,
313,"SAN MARTIN, LAMAS, BARRANQUITA",0.2641518113207547,0.6472049526523042,0.7217038174646416,0.26029017996139237,0.0,0.008902999515192876,0.7565263270601886,0,0.04743157085909433,4.822530864197531e-05,0.1,0.016666666666666666,46.0,0,1.0,,
314,"LAMBAYEQUE, LAMBAYEQUE, ILLIMO",2.4905667547169803,42.249907428978474,0.27786012325559306,0.0066226923835142415,0.6042816748192295,0.01083129894935904,0.4139278726411852,0,0.16616071468479027,0.002370882741161273,0.06774193548387096,0.005422592207191583,27.0,7,4.0,,
315,"PIURA, SULLANA, MARCAVELICA",0.01886890566037728,0.018511888928462766,-0.00036982248520711305,-0.0014513788098693774,0.6689075630245426,0.0025437141471980926,-0.2334680653249906,0,0.04000533461369913,0.0,0.0,0.0,52.0,0,0.0,,
316,"UCAYALI, CORONEL PORTILLO, CAMPOVERDE",2.8301889245283016,10.027766500534181,0.6167370316645995,0.595529920209203,0.0,0.02543714147197927,1.2014625823222707,0,0.415827895143711,0.0007669599146471573,0.14666666666666667,0.013481481481481478,17.0,7,5.0,,
317,"LIMA, LIMA, SAN LUIS",0.01886890566037728,0.018511888928462766,-0.00036982248520711305,-0.0014513788098693774,0.6689075630245426,0.0025437141471980926,-0.2334680653249906,0,0.04000533461369913,0.0,0.0,0.0,52.0,0,0.0,,
318,"LA LIBERTAD, PACASMAYO, GUADALUPE",0.07547262264150953,0.06977558134574424,0.48724489795918385,-0.0673854447439353,0.7915159214559349,0.01017485658879208,-0.6914246549984401,0,0.08877571267100258,0.006049382716049382,0.0,0.0,42.0,0,2.0,,
319,"SAN MARTIN, PICOTA, BUENOS AIRES",0.3207554905660385,0.519757424706476,0.65590074645601,0.3638278624967693,0.0,0.010810785125591704,-0.8373421958273162,0,0.05861550283444916,2.45949074074074e-05,0.225,0.0173611111111111,41.0,0,0.0,,
320,"AMAZONAS, BAGUA, IMAZA",0.7358497169811317,1.5528648166609589,0.6311897980800223,0.3443850406166464,0.7208737488020571,0.01984097034814378,0.5190174682956354,0,0.37673385006768334,0.0004589629629629631,0.24,0.032,15.0,0,7.0,,
321,"LIMA, LIMA, CARABAYLLO",0.05660471698113211,0.053399679601334966,-0.06230769230769232,-0.06452830188679246,0.9822358862041863,0.007631142441593779,-0.017959081947854626,0,0.17944385696633947,0.0029629629629629637,0.0,0.0,15.0,0,6.0,,
322,"SAN MARTIN, RIOJA, PARDO MIGUEL",0.03773681132075466,0.03631178212890777,-0.04072398190045248,-0.042175360710321866,0.9406643128594834,0.005087428294395995,-1.2809187206379588e-13,0,0.1292422476612137,0.0029629629629629632,0.0,0.0,43.0,0,4.0,,
323,"ICA, ICA, LOS AQUIJES",6.1320759245283005,118.75613542185872,0.9434087787893239,0.6137526811280822,0.0,0.020667677445983964,-1.4315633197800122,0,0.12198797711831819,0.0003893297164351852,0.21749999999999997,0.03833333333333331,38.0,1,1.0,,
324,"JUNIN, YAULI, LA OROYA",0.01886890566037736,0.018511888928462797,-0.0003698224852071037,-0.001451378809869373,0.6689075630252714,0.0025437141471979785,0.2334680653242751,0,0.04000533461369913,0.0,0.0,0.0,52.0,0,1.0,,
325,"LIMA, HUAROCHIRI, HUAROCHIRI",0.01886890566037736,0.018511888928462797,-0.0003698224852071037,-0.001451378809869373,0.6689075630252714,0.0025437141471979785,0.2334680653242751,0,0.04000533461369913,0.0,0.0,0.0,52.0,0,1.0,,
326,"SAN MARTIN, SAN MARTIN, CHIPURANA",0.09434054716981145,0.12317533285873843,0.7203200069338709,-0.005453157378121927,0.0,0.006359285367995186,-0.5477519994155926,0,0.04255961441879589,0.0027854938271604937,0.0,0.0,49.0,0,2.0,,
327,"ICA, PISCO, HUANCANO",0.01886890566037728,0.018511888928462766,-0.00036982248520711305,-0.0014513788098693774,0.6689075630245426,0.0025437141471980926,-0.2334680653249906,0,0.04000533461369913,0.0,0.0,0.0,52.0,0,0.0,,
328,"ICA, PISCO, SAN ANDRES",0.11320845283018881,0.1381272424351154,0.6312944101671513,0.2507294300719704,0.0,0.007631142441594222,-0.655506491102244,0,0.04529075918016311,0.000771604938271605,0.0,0.0,48.0,0,0.0,,
329,"LORETO, REQUENA, REQUENA",2.113207999999999,7.572087797793063,0.8482242720894326,0.6754716981132076,0.0,0.028489598448617686,-1.717786188328219,0,0.12869137242052162,8.417901234567905e-05,0.2699999999999999,0.012444444444444501,24.0,3,3.0,,
330,"LAMBAYEQUE, CHICLAYO, PUCALA",1.6603780754716964,14.790314457814361,0.41131050269253533,0.08495516222527609,0.04098803963079489,0.011192342247671226,-0.5109358814209338,1,0.18466152109079642,0.00031947530864197526,0.1,0.012222222222222223,22.0,5,4.0,,
331,"LORETO, MAYNAS, IQUITOS",43.39622643396226,2843.824135065859,0.8307618222657939,0.36361190613238353,0.0,0.02340217015422158,-1.102148859153178,0,0.6486954179891115,0.0015451640216493834,0.10000000000000003,0.015367111111111116,11.0,1,1.0,,
332,"LIMA, LIMA, SANTA ANITA",0.018868905660377286,0.01851188892846277,-0.019970414201183433,-0.02068214804063862,0.9412336212029356,0.0025437141471980353,-0.1885703604545938,0,0.0824946909208231,0.001975308641975309,0.0,0.0,47.0,0,2.0,,
333,"ICA, CHINCHA, PUEBLO NUEVO",0.05660471698113221,0.05339967960133486,0.6783333333333336,-0.0045283018867924435,0.0,0.007631142441594243,-0.6734655730494503,0,0.042522675202272556,0.006049382716049382,0.0,0.0,50.0,0,1.0,,
334,"ICA, ICA, PUEBLO NUEVO",1.2264156792452816,7.08081024207928,0.8013071634237681,0.20749784190405715,0.0,0.012718570735990191,-0.9242019864017956,0,0.10031182119784704,0.0021168402392799305,0.1,0.0029585798816568042,34.0,1,1.0,,
335,"LORETO, ALTO AMAZONAS, BALSAPUERTO",0.1698122452830189,0.4428619145604116,0.22242136255775521,0.31421767882060303,0.16809680991779063,0.005723356831195417,0.48265032735307717,0,0.08793687451057265,0.0003780864197530863,0.0,0.0,47.0,0,1.0,,
336,"PIURA, PAITA, PAITA",0.0943405283018869,0.0854394873621361,0.34198717948717944,-0.07036163522012577,0.7119663845926258,0.012718570735990023,-0.33224301603987094,0,0.09804213485014648,0.012160493827160498,0.0,0.0,37.0,0,5.0,,
337,"LIMA, LIMA, SAN JUAN DE MIRAFLORES",0.01886890566037728,0.018511888928462766,-0.00036982248520711305,-0.0014513788098693774,0.6689075630245426,0.0025437141471980926,-0.2334680653249906,0,0.04000533461369913,0.0,0.0,0.0,52.0,0,0.0,,
338,"AMAZONAS, CHACHAPOYAS, CHACHAPOYAS",0.018868905660377282,0.018511888928462766,-0.019970414201183433,-0.0014513788098693774,0.847225233805689,0.002543714147198069,-0.21550898337612975,0,0.0824946909208231,0.0019753086419753104,0.0,0.0,50.0,0,2.0,,
339,"SAN MARTIN, BELLAVISTA, SAN RAFAEL",2.1698120754716963,36.518330651477534,0.4430789120614991,0.2992580112346738,0.0,0.007500695562250688,-0.6096878076721282,0,0.059286828974774955,9.54219651245712e-06,0.05897435897435896,0.002841697713492585,43.0,1,0.0,,
340,"LA LIBERTAD, TRUJILLO, EL PORVENIR",0.11320847169811334,0.17586308721972027,0.38648405602361885,-0.029791459781529302,0.3987763754698629,0.007631142441594136,-0.45346681918727744,0,0.13504790218654805,0.00234567901234568,0.0,0.0,34.0,0,1.0,,
341,"ICA, CHINCHA, TAMBO DE MORA",0.01886890566037728,0.018511888928462766,-0.00036982248520711305,-0.0014513788098693774,0.6689075630245426,0.0025437141471980926,-0.2334680653249906,0,0.04000533461369913,0.0,0.0,0.0,52.0,0,0.0,,
342,"LIMA, LIMA, VILLA EL SALVADOR",0.01886890566037728,0.018511888928462766,-0.00036982248520711305,-0.0014513788098693774,0.6689075630245426,0.0025437141471980926,-0.2334680653249906,0,0.04000533461369913,0.0,0.0,0.0,52.0,0,0.0,,
343,"LIMA, HUAURA, HUALMAY",0.01886890566037728,0.018511888928462766,-0.00036982248520711305,-0.0014513788098693774,0.6689075630245426,0.0025437141471980926,-0.2334680653249906,0,0.04000533461369913,0.0,0.0,0.0,52.0,0,0.0,,
344,"SAN MARTIN, RIOJA, POSIC",0.01886890566037728,0.018511888928462766,-0.00036982248520711305,-0.0014513788098693774,0.6689075630245426,0.0025437141471980926,-0.2334680653249906,0,0.04000533461369913,0.0,0.0,0.0,52.0,0,0.0,,
345,"LIMA, LIMA, LIMA",0.1509442641509434,0.1658950744038169,0.2226394737891036,0.14843307150376553,0.4292682707381388,0.01017485658879198,-0.18408058996841986,0,0.15575452940923287,0.0021296296296296306,0.2,0.06666666666666667,33.0,0,2.0,,
346,"LA LIBERTAD, PACASMAYO, SAN PEDRO DE LLOC",0.9056610377358482,5.217513933784482,0.27431655241697356,0.18982759330971408,0.7817413031290149,0.008139885271033404,0.06884314746666033,0,0.21602608354534578,0.0012108641975308646,0.08,0.005925925925925928,32.0,2,2.0,,
347,"SAN MARTIN, EL DORADO, SAN MARTIN",0.528302716981133,2.1359905788538245,0.7343909609040015,0.25730503144654093,0.0,0.010174856588792242,-0.8325317274495146,0,0.04978403537928626,0.002036240044014583,0.14285714285714285,0.021768707482993196,44.0,2,1.0,,
348,"ICA, ICA, OCUCAJE",1.4905668113207529,19.64613510929177,0.378582237118288,0.2572750540368114,0.0,0.007176907772451675,-0.590084121149043,0,0.05378345282342261,4.570337205176856e-05,0.03928571428571428,0.0023951247165532874,45.0,1,0.0,,
349,"JUNIN, SATIPO, SATIPO",16.509434056603773,841.0046248664996,0.5541756799625658,0.3792667659726814,0.0,0.018095527469904654,-1.1866134877390155,0,0.13047047808284415,0.00093237785471561,0.12764227642276424,0.0063050359500884945,36.0,3,4.0,,
350,"CUSCO, LA CONVENCION, SANTA ANA",14.415094339622641,177.563545745817,0.7131666010701889,0.5210765387631185,0.0,0.02964886489602855,0.8771981092473409,0,0.7949298748698876,0.0001856181136912441,0.27213114754098366,0.020427603093553078,16.0,9,10.0,,
351,"LA LIBERTAD, TRUJILLO, TRUJILLO",0.05660473584905662,0.09113552652193024,0.3855167033760766,-0.03780955188679247,0.9270578510264857,0.0038155712207968845,0.23346806532432335,0,0.0842323108193639,0.002500000000000001,0.0,0.0,43.0,0,2.0,,
352,"ICA, CHINCHA, CHINCHA ALTA",0.16981218867924464,0.21644683944475712,0.6914534799223188,0.29422169811320753,0.0,0.011446713662391278,-0.9428518022723227,0,0.04843811347049583,0.0019753086419753087,0.25,0.06944444444444445,46.0,0,2.0,,
353,"SAN MARTIN, TOCACHE, TOCACHE",6.622641679245283,58.4236360562479,0.8070304658006263,0.5651738527393165,0.0,0.029761455522216564,-1.5705217163547371,0,0.3072730819289506,0.0004445064014631913,0.20999999999999996,0.014567901234567906,25.0,3,5.0,,
354,"LORETO, MARISCAL RAMON CASTILLA, RAMON CASTILLA",5.547170113207547,72.39871505589193,0.865570990188512,0.5571207284424629,0.0,0.024124256750845684,-1.5227563516251155,0,0.18971425466501507,0.0003993543844631872,0.27419354838709686,0.03067406636605386,34.0,3,3.0,,
355,"JUNIN, HUANCAYO, SANTO DOMINGO DE ACOBAMBA",0.01886890566037736,0.018511888928462797,-0.0003698224852071037,-0.001451378809869373,0.6689075630252714,0.0025437141471979785,0.2334680653242751,0,0.04000533461369913,0.0,0.0,0.0,52.0,0,1.0,,
356,"ICA, ICA, SALAS",3.6415100754716967,48.68280059665382,0.831224148539342,0.46980442206201933,0.0,0.018182845570711887,-1.3313000932974106,0,0.06651148063556606,0.00034865930903308517,0.21481481481481482,0.029675354366712394,37.0,3,3.0,,
357,"HUANUCO, LEONCIO PRADO, DANIEL ALOMIA ROBLES",0.18868011320754652,0.266286607333685,0.7550389411781386,0.30408132378165686,0.0,0.012718570735990321,-1.0550960644474205,0,0.04748053823299453,0.0037345679012345686,0.2,0.06666666666666667,46.0,0,3.0,,
358,"MADRE DE DIOS, TAMBOPATA, LABERINTO",3.2830193584905647,20.693482004984237,0.823070808904,0.5779145827815259,0.0,0.023295066400655397,-1.380013665478711,0,0.08670939903172571,0.00037802525786043406,0.21052631578947367,0.013080947983995065,27.0,7,5.0,,
359,"LA LIBERTAD, VIRU, CHAO",0.03773681132075485,0.03631178212890786,0.508861236802413,-0.002959674435812059,0.22788296041178546,0.005087428294396174,-0.45795658967522057,0,0.040821994520255166,0.0019753086419753104,0.0,0.0,51.0,0,1.0,,
360,"ICA, PISCO, INDEPENDENCIA",0.05660471698113221,0.05339967960133486,0.6783333333333336,-0.0045283018867924435,0.0,0.007631142441594243,-0.6734655730494503,0,0.042522675202272556,0.006049382716049382,0.0,0.0,50.0,0,1.0,,
361,"SAN MARTIN, EL DORADO, SANTA ROSA",0.6226423018867905,4.27269392239247,0.3725900486787991,0.1610407699345706,0.0,0.005995897632681158,-0.5022128987607148,0,0.05446890836143703,1.2755102040816325e-05,0.04285714285714285,0.0014172335600907027,48.0,1,0.0,,
362,"PIURA, SECHURA, VICE",0.01886890566037728,0.018511888928462766,-0.00036982248520711305,-0.0014513788098693774,0.6689075630245426,0.0025437141471980926,-0.2334680653249906,0,0.04000533461369913,0.0,0.0,0.0,52.0,0,0.0,,
363,"MADRE DE DIOS, TAHUAMANU, IBERIA",2.452830735849055,14.059093079387944,0.7807890667242168,0.576940349992069,0.0,0.019451931713867214,-1.2883000256255035,0,0.08440381358254885,8.006192277213939e-05,0.17058823529411768,0.00938100730488272,32.0,5,1.0,,
364,"AYACUCHO, HUANTA, LLOCHEGUA",9.943396433962263,284.1288673570668,0.761334330452879,0.30106490613507897,0.0,0.015587643669457184,0.956738766800502,0,0.1670540846631662,8.280269530165692e-05,0.09534883720930229,0.00433868156961721,30.0,4,3.0,,
365,"SAN MARTIN, SAN MARTIN, EL PORVENIR",0.07547262264150956,0.06977558134574421,0.742052590266876,-0.026569118213323056,0.049142609922555924,0.01017485658879225,-0.8440768515545345,0,0.04529075918016311,0.01234567901234568,0.0,0.0,48.0,0,1.0,,
366,"LORETO, MAYNAS, MAZAN",2.301887452830187,26.776785852616868,0.6809664710182363,0.3995782711827672,0.0,0.011083325927077165,-0.820665905446214,0,0.05785479269817416,0.0007473866341699187,0.10714285714285712,0.0065192743764172344,40.0,2,4.0,,
367,"JUNIN, CHANCHAMAYO, PERENE",10.301886849056604,42.73905187753654,0.5830533254260426,0.23779032139939546,0.0,0.04789199739207206,-1.1936596708554286,0,2.0794415416798357,0.000163198272026305,0.14482758620689656,0.014215880565464401,4.0,7,11.0,,
368,"LORETO, MAYNAS, FERNANDO LORES",1.7169816226415082,10.919898635813718,0.7386134777048684,0.29634279415545817,0.0,0.012183051968158982,-0.8402959921994476,0,0.1293137566803191,0.0007986277189628912,0.06842105263157897,0.002677746999076639,33.0,3,1.0,,
369,"LORETO, DATEM DEL MARAÑON, ANDOAS",0.1698122264150943,0.5183336190816091,0.17113521416374283,0.013658511300020734,0.7320365411130048,0.004578685464956309,0.3430184652069596,0,0.139157895241117,0.0018234074074074073,0.0,0.0,33.0,0,2.0,,
370,"LORETO, REQUENA, EMILIO SAN MARTIN",0.11320847169811334,0.21359893627632398,0.4184292294838346,-0.004528301886792455,0.0,0.005087428294396162,-0.4489770487016769,0,0.04344574651045372,0.00012345679012345677,0.0,0.0,49.0,0,0.0,,
371,"SAN MARTIN, HUALLAGA, PISCOYACU",0.05660473584905674,0.09113552652193045,0.4094049252142201,-0.002653301886792452,0.30142805588367483,0.003815571220797134,-0.34571232750009506,0,0.040821994520255166,0.0001234567901234569,0.0,0.0,51.0,0,0.0,,
372,"SAN MARTIN, HUALLAGA, SAPOSOA",0.9245289056603772,1.8810953592028015,0.5764898690435701,0.3409902446688472,0.0,0.02077366553545025,-0.5492485895777315,0,0.16096843232338562,0.00028849451303155006,0.3,0.05833333333333331,21.0,1,2.0,,
373,"LORETO, UCAYALI, PADRE MARQUEZ",1.0566045283018848,9.37415290850854,0.5124343614625964,0.24078386581790134,0.0,0.007497262749636399,-0.6191157197890599,0,0.05755012523200723,7.658582070994495e-05,0.06315789473684211,0.0029547553093259454,46.0,1,0.0,,
374,"LORETO, LORETO, URARINAS",1.4905667547169794,15.457456032752075,0.5782818568331826,0.3409944986659482,0.0,0.009134246255847574,-0.7404039694044038,0,0.06099451270284191,0.00023066249775490947,0.05454545454545454,0.0009182736455463727,46.0,1,2.0,,
375,"HUANUCO, LEONCIO PRADO, CASTILLO GRANDE",3.3584911886792437,36.53185769028144,0.9125698741698651,0.5488486885047569,0.0,0.01741465839235577,-1.257826470285069,0,0.061725579760956543,0.0005126056002724946,0.23461538461538461,0.017504930966469427,38.0,5,3.0,,
